title,price,url,Profit Margins
Playstation 3 Console,60.0,/marketplace/item/1213906973452451/,94.0
Video Game Statues,50.0,/marketplace/item/1814188235798356/,174.0
(Box & Manual Only) - DS Pok√©mon White 2 and Black Empty Boxes,35.0,/marketplace/item/3609929119309494/,383.0
PLAYSTATION  2 GAME'S $15 EACH  ALL WITH MANUELS  PICKUP AT SALISBURY,15.0,/marketplace/item/786151880507423/,203.0
DS game - Dragon Quest,25.0,/marketplace/item/1024195233201111/,1430.0
Doom3 Xbox game,5.0,/marketplace/item/1420979085751433/,47.0
Bluey game,20.0,/marketplace/item/1267090185085085/,40.0
LEGO Pirates of the Caribbean: The Video Game - Nintendo 3DS - Tested & Working,10.0,/marketplace/item/2766653333524981/,416.0
Vid√©o game,40.0,/marketplace/item/947670860482707/,16.0
Nintendo 64 game manuals / booklets,10.0,/marketplace/item/4184266691796798/,267.0
Nintendo 64 game manuals / booklets,10.0,/marketplace/item/4184266691796798/,411.0
Level Up Xbox gaming tower,40.0,/marketplace/item/1063052179223211/,1257.0
Brand new game,10.0,/marketplace/item/649487121484188/,49.0
Resident Evil 6 (Xbox 360) - Video Game,5.0,/marketplace/item/1184289346717862/,178.0
Wii We Sing & We Sing Encore,15.0,/marketplace/item/1508897796958973/,323.0
Xbox game - Rocky,10.0,/marketplace/item/1064862369070089/,253.0
Hitman 3 PS4 Video Game,20.0,/marketplace/item/1545479503082173/,52.0
Detroit Become Human PS4 Video Game,25.0,/marketplace/item/1274681697633846/,116.0
Xbox 360 mass 3 effect,30.0,/marketplace/item/736479762073859/,138.0
GAME OF LIFE JUNIOR BOARD GAME,15.0,/marketplace/item/638552915351312/,486.0
Donkey Kong Land Gameboy Color Game Working Perfectly,40.0,/marketplace/item/742149418558515/,12.0
LA Noire Xbox 360,5.0,/marketplace/item/773419571706620/,19.0
LA Noire Xbox 360,5.0,/marketplace/item/773419571706620/,296.0
PlayStation game PS4 FIFA20,10.0,/marketplace/item/1091704609563726/,107.0
Guess Who Game,5.0,/marketplace/item/1276408033869985/,42.0
Guess Who Game,5.0,/marketplace/item/1276408033869985/,649.0
Horizon Zero Dawn PS4 Video Game,10.0,/marketplace/item/744525674691104/,599.0
Board Game Bloxels,10.0,/marketplace/item/1194572172129041/,967.0
Xbox Game Topspin 2K5 (NEW),10.0,/marketplace/item/1376017037096797/,356.0
007 Quantum of Solace,10.0,/marketplace/item/1016941247296204/,221.0
Pony Friends Nintendo DS Game with Case and Booklet,10.0,/marketplace/item/1361414228489286/,153.0
007 Quantum of Solace,10.0,/marketplace/item/1016941247296204/,14.0
Pony Friends Nintendo DS Game with Case and Booklet,10.0,/marketplace/item/1361414228489286/,346.0
Mario Party 1 - Nintendo 64 Game NTSC-J JAPAN N64 Game working perfectly as shown in picture,35.0,/marketplace/item/1190710053087015/,65.0
Diablo video game LED light,40.0,/marketplace/item/1167693942074166/,83.0
PlayStation 3 Eyepet & Eyetoy,15.0,/marketplace/item/714906487684256/,1010.0
PS3 game,5.0,/marketplace/item/1931191734333858/,630.0
Xbox one Saints Row,15.0,/marketplace/item/888478200078586/,397.0
Game,10.0,/marketplace/item/1264989405218943/,184.0
Roll and play kids game,5.0,/marketplace/item/1098089512264655/,228.0
PS3 game,5.0,/marketplace/item/1931191734333858/,202.0
Xbox one Saints Row,15.0,/marketplace/item/888478200078586/,572.0
Game,10.0,/marketplace/item/1264989405218943/,449.0
PlayStation 4 Spider Man game,30.0,/marketplace/item/1347934959664044/,71.0
Game Steelbooks / Steel Cases (Empty),8.0,/marketplace/item/993226108902418/,89.0
NBA 2k23 PS4 video game,10.0,/marketplace/item/694888476652823/,365.0
Roxio Game Capture Card,35.0,/marketplace/item/1329484184966562/,296.0
Nintendo Wii Just Dance 4 Game Disc Party Music Workout Dance Video Game,15.0,/marketplace/item/683056297850566/,1094.0
NBA 2k23 PS4 video game,10.0,/marketplace/item/694888476652823/,1736.0
Golden Eye Nintendo 64 game,70.0,/marketplace/item/1676719262986500/,87.0
Uno Flip card game.,5.0,/marketplace/item/791191463339346/,89.0
NEED FOR SPEED SHIFT XBOX360 GAME,6.0,/marketplace/item/1074567900698503/,256.0
Pop up pirate family game,7.0,/marketplace/item/1021273016724058/,105.0
Pop up pirate family game,7.0,/marketplace/item/1021273016724058/,144.0
$10 Hey! Stop! Atari 2600 Gaming Cartridge Video Game SS-013,10.0,/marketplace/item/1491373845361755/,317.0
DMC Devil May Cry Xbox 360,9.0,/marketplace/item/697292136531046/,655.0
Wii transformers game,10.0,/marketplace/item/1282434280214492/,456.0
DJ Hero in box Play Station 2 game,70.0,/marketplace/item/554152867750196/,441.0
$10 Network Access Disc - With Manuals PlayStation 2-Ps2 Pal,10.0,/marketplace/item/1189352549625277/,458.0
$10 XBOX 360 F1 2013 Formula 1 Racing Game G (No Manual) Pal Microsoft,10.0,/marketplace/item/1748150159139490/,109.0
$15 Lego The Lord Of The Rings Complete Manual Xbox 360 Microsoft PAL PG Game,15.0,/marketplace/item/1519072019280669/,71.0
$10 Nintendo DS Iron Man 2 The Video Game Sega With Books,10.0,/marketplace/item/1852979668593070/,284.0
PS4 Slim PlayStation,200.0,/marketplace/item/1121917219785408/,73.0
PlayStation Vita Game Brand New In Plastic Sealed Never Open Or Used,30.0,/marketplace/item/1487304616046520/,140.0
The Scorpian King Gamecube Game,15.0,/marketplace/item/621741690897500/,140.0
Avatra Gameboy Advance Game Only Working Perfectlly As Show,30.0,/marketplace/item/24555772817339813/,59.0
Assassins Creed II Sony Playstation 3 PS3 Video Game,15.0,/marketplace/item/24817925931141998/,69.0
Brink PS3 Game,5.0,/marketplace/item/748869630844844/,605.0
Nintendo DS Line Rider Freestyle Game,10.0,/marketplace/item/1034283755536963/,458.0
Assassin's Creed PC game. Clovelly Park,10.0,/marketplace/item/2497299570654263/,208.0
Game,10.0,/marketplace/item/1079480420449339/,32.0
The Amazing Spider-man Video Game Playstation 3,49.0,/marketplace/item/645481008163588/,19.0
Nintendo DS Guilty Gear Dust Strikers,40.0,/marketplace/item/969898041529264/,44.0
Like new no scratches,35.0,/marketplace/item/1047233353821915/,128.0
SSX PS3 Game,10.0,/marketplace/item/1041473384849456/,32.0
Gran Tursmo 3 A-spec Playstation 2,10.0,/marketplace/item/1625359854803087/,60.0
Ridge Racer Unbounded - Sony Playstation 3 PS3 Game Complete ~ Disc Like New no scratches,40.0,/marketplace/item/1284693366699390/,27.0
Wooden coin roll game,30.0,/marketplace/item/717061007867096/,454.0
Brand New Celebrity Name Game Game- Grant Denyer,18.0,/marketplace/item/711970035130247/,185.0
$10 Sony Playstation 4 Wolfenstein II: The New Colossus Video Game,10.0,/marketplace/item/508017495671938/,1462.0
$5 Microsoft Xbox 360 FIFA 14 Game G-Rated,5.0,/marketplace/item/1270268431159935/,1012.0
PlayStation 4 titles X7 / Perfect Condition,15.0,/marketplace/item/1369033117597868/,476.0
PlayStation 4 titles X7 / Perfect Condition,15.0,/marketplace/item/1369033117597868/,346.0
PS3 Game - Dragon 2,10.0,/marketplace/item/3115439231953762/,102.0
Playstation 3 Game S,10.0,/marketplace/item/1384526522675713/,52.0
Red Alert 3,15.0,/marketplace/item/1364268771336646/,47.0
Street Fighter X Tekken ‚Äì Xbox 360 (Complete,9.0,/marketplace/item/606821038614694/,257.0
Ninja Gaiden 3 Xbox 360,15.0,/marketplace/item/2064216657435479/,367.0
PlayStation game PS4 Avengers,10.0,/marketplace/item/1376615646777986/,61.0
$10 Nintendo DS Crayola Treasure Adventures Game With Books,10.0,/marketplace/item/1456117615810090/,65.0
$10 Atari 2600 Vanguard Game Cartridge 1982 Retro Gaming,10.0,/marketplace/item/2004410483632239/,1169.0
$5 Nintendo Wii Just Dance Best Of 25 Hits Game G-Rated,5.0,/marketplace/item/1500608347983468/,1723.0
Atari In box like new working perfectly as shown in pictures / Swap 4 gaming Console,1.0,/marketplace/item/768801862190132/,2231.0
Retro Portable Mini Handheld Video Game,50.0,/marketplace/item/655012237231037/,66.0
PlayStation 3 digs night crawler and book,15.0,/marketplace/item/1413112949882652/,214.0
Barbie Groom & Glam Pups - Preowned,20.0,/marketplace/item/504845662620722/,25.0
Disney‚Ä¢Pixar WALL‚Ä¢E - PlayStation 2,10.0,/marketplace/item/1567637077286365/,26.0
Barbie Groom & Glam Pups - Preowned,20.0,/marketplace/item/504845662620722/,291.0
Xbox 360 Kinect,75.0,/marketplace/item/1372342234215688/,95.0
$5 Wii Nintendo Lego Harry Potter Game PAL Complete With Manual,5.0,/marketplace/item/717123801235044/,3641.0
$10 PlayStation 2-Ps2 Terminator 3 The Redemption Game,10.0,/marketplace/item/1258418162511944/,57.0
$5 Wii Nintendo Lego Harry Potter Game PAL Complete With Manual,5.0,/marketplace/item/717123801235044/,3668.0
$10 PlayStation 2-Ps2 Terminator 3 The Redemption Game,10.0,/marketplace/item/1258418162511944/,280.0
Driveclub Playstation 4,10.0,/marketplace/item/1555533651801010/,193.0
HDMI TO COMPONENT CONVERTER. GAMING.,25.0,/marketplace/item/600226029403163/,43.0
PS4 Game FIFA15,5.0,/marketplace/item/3055657421270331/,15.0
$5 Microsoft Xbox 360 Classic Battlefield Bad Company 2 MA-15+ Rated,5.0,/marketplace/item/3717812281685491/,357.0
Ps3 Game,5.0,/marketplace/item/1335136261952511/,125.0
$10 Joust - Atari 2600 Game Cartridge Only - Great Condition 1982 Vintage Gaming,10.0,/marketplace/item/1406619073878071/,226.0
$5 Microsoft Xbox 360 Classic Battlefield Bad Company 2 MA-15+ Rated,5.0,/marketplace/item/3717812281685491/,640.0
$10 Sega Rally - Microsoft Xbox 360 Complete With Manual,10.0,/marketplace/item/1266535108400385/,127.0
$5 Sony PlayStation2 Ps2 Final Fantasy 8 Game,5.0,/marketplace/item/1472101930808635/,1649.0
$5 Microsoft Xbox 360 Moton-Sports Play For Real Game G-Rated,5.0,/marketplace/item/1611983389473828/,1876.0
Ps3 Game,5.0,/marketplace/item/1335136261952511/,354.0
PlayStation 3,10.0,/marketplace/item/1250552619779567/,778.0
Madden 20 NFL PS4 Sony PlayStation 4 Video Game Sports EA,15.0,/marketplace/item/637210235438132/,41.0
Playstation 3 And 4 Hard Drive 500GB,20.0,/marketplace/item/1193574438956517/,88.0
PS3 Game - Assassin's Creed,7.0,/marketplace/item/972390334967915/,40.0
PS3 Game - Bioshock 2,10.0,/marketplace/item/3739842792816548/,271.0
Nintendo DS Game - Brain Training,5.0,/marketplace/item/1050696960334439/,196.0
Xbox 360 Game,8.0,/marketplace/item/797691966164911/,251.0
What do you meme game,10.0,/marketplace/item/23936900852598422/,271.0
Xbox 360 Game-Batman,10.0,/marketplace/item/1215727540336932/,33.0
A Game of Thrones Card Game,20.0,/marketplace/item/1270325374542969/,29.0
Frozen memory game,4.0,/marketplace/item/1796815537541013/,198.0
Minecraft card game,5.0,/marketplace/item/9974695462658390/,380.0
$5 Microsoft Xbox 360 Live Need For Speed Undercover G-Rated,5.0,/marketplace/item/686581987715456/,178.0
PS4 Little Big Planet 3,16.0,/marketplace/item/1090774482919965/,419.0
PS4 NBA 2K17,7.0,/marketplace/item/1589758441980950/,95.0
Nintendo Gamecube Pikmin,20.0,/marketplace/item/1717787812490751/,20.0
PS4 Vertigo *Brand new sealed* Please read whole ad before messaging,30.0,/marketplace/item/1044848284349249/,82.0
PS3 Game - Flashpoint,10.0,/marketplace/item/1734895380435354/,229.0
PS3 Game - Sniper,10.0,/marketplace/item/1073141954633184/,116.0
Playstation 3 Move Eye Camera SLEH-00448,15.0,/marketplace/item/1143704887491370/,192.0
Tenchu Z Xbox 360,20.0,/marketplace/item/957705659853833/,28.0
Goldeneye 007 Nintendo Wii,15.0,/marketplace/item/1009101557803356/,121.0
Game Times Up - Woodcroft,10.0,/marketplace/item/663390216757568/,336.0
$10 Nintendo DS Tony Hawks Downhill Jam Game With Books,10.0,/marketplace/item/1245114890622548/,82.0
$5 Microsoft Xbox 360 Sega Superstars Tennis G-Rated,5.0,/marketplace/item/735289359039676/,143.0
Nintendo DS storage & professor layton and Pandora‚Äôs box game,20.0,/marketplace/item/1228687031769606/,239.0
Ice Age 2 Game Boy Advance,20.0,/marketplace/item/1675687163051275/,106.0
Nintendo DS Lego Star Wars The Complete Saga,15.0,/marketplace/item/962560109319702/,536.0
Maximo PS2 Game,40.0,/marketplace/item/714551961436079/,144.0
PS3 Game-Call f Duty,10.0,/marketplace/item/1414505386635807/,1221.0
I Spy Challenge Game Boy Advance,20.0,/marketplace/item/1385948612750241/,64.0
Ice Age 2 Game Boy Advance,20.0,/marketplace/item/1675687163051275/,939.0
Sword Of The Samurai Playstation 2,20.0,/marketplace/item/1351107722680875/,263.0
A Bugs Life Playstation 1,20.0,/marketplace/item/1715044332413246/,200.0
Wario Ware Smooth Moves Nintendo Wii,20.0,/marketplace/item/2290170988028245/,23.0
Barbie Super Sports Playstation 1,15.0,/marketplace/item/1211926093841903/,454.0
MX VS ATV On The Edge PSP Playstation Portable,10.0,/marketplace/item/678763861254722/,570.0
Imagine Journalist,5.0,/marketplace/item/1434399817736923/,119.0
Wii game,10.0,/marketplace/item/715890417912598/,57.0
Binary Domain Playstation 3,20.0,/marketplace/item/9360708890714374/,477.0
Bionicle Heroes Playstation 2,20.0,/marketplace/item/1107862631111500/,391.0
$15 Playstation 3-PS3 Assassins Creed Rogue Game,15.0,/marketplace/item/694917886697182/,203.0
$10 Nintendo DS Disney Tangled Game With Books,10.0,/marketplace/item/1271672011334693/,1221.0
$10 Nintendo DS My Baby Girl Your Real  Baby To Love And Care For Game No Books,10.0,/marketplace/item/1649051535801866/,88.0
$10 PlayStation 3-PS3 Call Of Duty Advance Warfare Game,10.0,/marketplace/item/602303469580458/,129.0
Xbox one / s titles X3 / Perfect Condition,10.0,/marketplace/item/997486488903915/,124.0
Kong Game Boy Advance,30.0,/marketplace/item/666732582578381/,48.0
N64 Controller Wired Classic Game Controller Joystick for N64 Console (Clear Black),20.0,/marketplace/item/724052053818160/,698.0
Battlefield 1 Steelbook PlayStation Xbox,10.0,/marketplace/item/1245830970539059/,1600.0
Game Genie for NES,50.0,/marketplace/item/1309347540907676/,300.0
Xbox one / s titles X3 / Perfect Condition,10.0,/marketplace/item/997486488903915/,1060.0
Kong Game Boy Advance,30.0,/marketplace/item/666732582578381/,141.0
Battlefield 1 Steelbook PlayStation Xbox,10.0,/marketplace/item/1245830970539059/,769.0
Nintendo DS Combat Of Giants Dragons,20.0,/marketplace/item/1369957371025649/,710.0
Tom Clancy's Splinter Cell Conviction Exclusive Pre-order Xbox 360,20.0,/marketplace/item/1291693198795058/,791.0
Nintendo DS Combat Of Giants Mutant Insects,20.0,/marketplace/item/1172137101253767/,888.0
Cursed Mountain Nintendo Wii,20.0,/marketplace/item/4065235533801292/,78.0
Vintage footy game . Missing dice.,5.0,/marketplace/item/1068527427973088/,756.0
Zumba Fitness Core Nintendo Wii,15.0,/marketplace/item/2426123797748400/,194.0
Starhawk Playstation 3,15.0,/marketplace/item/8663543320411954/,77.0
Velvet Assassin Xbox 360,80.0,/marketplace/item/1371422100944515/,35.0
Cursed Mountain Nintendo Wii,20.0,/marketplace/item/4065235533801292/,843.0
Vintage footy game . Missing dice.,5.0,/marketplace/item/1068527427973088/,3153.0
Zumba Fitness Core Nintendo Wii,15.0,/marketplace/item/2426123797748400/,1170.0
Starhawk Playstation 3,15.0,/marketplace/item/8663543320411954/,454.0
The game of things in a wooden box (3 cards missing ),20.0,/marketplace/item/2447745765608170/,104.0
Nintendo Wii Spongebob Squarepants Creature From The Krusty Krab,12.0,/marketplace/item/1020502503294254/,158.0
$10 Driver San Francisco Classics Xbox 360 Game Complete Manual Pal PG,10.0,/marketplace/item/2763660893826299/,341.0
$5 Microsoft Xbox Top Spin Game Live Online Enabled XSN Sport G-Rated,5.0,/marketplace/item/1066161755037550/,706.0
128G Retro Handheld Game Console Linux System 3.5 Inch,100.0,/marketplace/item/1743349089938153/,924.0
MEGAMAN 2 - New TV Arcade Plug and Play MSI Entertainment,30.0,/marketplace/item/3047962992021597/,114.0
Vintage 1960's Escalado Horse Racing Game...üôÇ,75.0,/marketplace/item/711104195068450/,49.0
no game just the case and book,5.0,/marketplace/item/2187858744975503/,7234.0
GEX Deep Cover Gecko Playstation 1,20.0,/marketplace/item/2473303156349367/,182.0
NBA JAM Sega Genesis,10.0,/marketplace/item/1549669905856494/,140.0
Brand New Hard Quiz Game ABC,30.0,/marketplace/item/1450124696177107/,172.0
Munchkin Booty Card game,15.0,/marketplace/item/697674873107745/,309.0
$10 Cars Nintendo DS Game Disney Pixar 2DS 3DS G Rating 2005 Model Ntr-005,10.0,/marketplace/item/691898000352083/,70.0
Lazerguns game,5.0,/marketplace/item/1798968750976895/,1545.0
Large educational posters good quality,10.0,/marketplace/item/1256909502740450/,174.0
2000‚Äôs Trivia Box Game,5.0,/marketplace/item/24707737178829855/,221.0
2000‚Äôs Trivia Box Game,5.0,/marketplace/item/24707737178829855/,223.0
"Max Steel Turbo Strength Fig Activate Turbo Punch Talking Sounds 2013 Mattel 11""",15.0,/marketplace/item/2920585968124899/,205.0
9‚Äù Camry car stereo with android 13  4g ram 64g  CarPlay warranty,200.0,/marketplace/item/600073456054429/,110.0
tony hawks american wasteland,25.0,/marketplace/item/1262825131883560/,23.0
mx unleashed,15.0,/marketplace/item/1262825131883560/,303.0
jak and daxter the precursor legacy,15.0,/marketplace/item/1262825131883560/,164.0
hot wheels velocity x,20.0,/marketplace/item/1262825131883560/,391.0
final fantasy crystal chronicles: ring of fates -,30.0,/marketplace/item/1231205738311917/,69.0
new super mario bros -,25.0,/marketplace/item/1231205738311917/,167.0
nintendo presents style boutique -,20.0,/marketplace/item/1231205738311917/,457.0
project rub -,15.0,/marketplace/item/1231205738311917/,24.0
spyro: shadow legacy -,10.0,/marketplace/item/1231205738311917/,183.0
tony hawks american skateland -,10.0,/marketplace/item/1231205738311917/,77.0
spongebob boating bash -,10.0,/marketplace/item/1750231219202476/,126.0
spongebob and friends unite-,10.0,/marketplace/item/1750231219202476/,829.0
wac-a-mole-,10.0,/marketplace/item/1750231219202476/,840.0
mario party ds-,40.0,/marketplace/item/1750231219202476/,52.0
lego ninjago the video game-,10.0,/marketplace/item/1750231219202476/,77.0
lego indiana jones the adventure-,14.0,/marketplace/item/1750231219202476/,813.0
lego star wars the complete saga-,14.0,/marketplace/item/1750231219202476/,715.0
rahman rabbids-,11.0,/marketplace/item/1750231219202476/,26.0
tak the great juju challenge-,14.0,/marketplace/item/1750231219202476/,78.0
transformers decepitcons-,15.0,/marketplace/item/1750231219202476/,536.0
transformers prime-,20.0,/marketplace/item/1750231219202476/,612.0
disneys cars-,11.0,/marketplace/item/1750231219202476/,683.0
galactic taz ball-,13.0,/marketplace/item/1750231219202476/,429.0
spyro eternal night-,14.0,/marketplace/item/1750231219202476/,550.0
how to train your dragon-,25.0,/marketplace/item/1750231219202476/,23.0
worms open warfare-,10.0,/marketplace/item/1750231219202476/,46.0
over the hedge-,10.0,/marketplace/item/1750231219202476/,68.0
wario ware do it yourself-,20.0,/marketplace/item/1750231219202476/,69.0
- crash: tag team racing (disc + case only),12.0,/marketplace/item/1097452898511020/,63.0
- halo: combat evolved,13.0,/marketplace/item/1097452898511020/,328.0
- mortal kombat: deadly alliance,12.0,/marketplace/item/1097452898511020/,232.0
listed,10.0,/marketplace/item/1619768448577587/,19.0
cosmic destruction -,10.0,/marketplace/item/1619768448577587/,140.0
mariokart -,20.0,/marketplace/item/1619768448577587/,155.0
each game is,15.0,/marketplace/item/961698952677585/,237.0
adventure time: finn and jake investigations -,18.0,/marketplace/item/748204794250866/,91.0
alien isolation -,20.0,/marketplace/item/748204794250866/,42.0
assassins creed iv black flag -,12.0,/marketplace/item/748204794250866/,95.0
biomutant -,15.0,/marketplace/item/748204794250866/,106.0
blair witch -,35.0,/marketplace/item/748204794250866/,451.0
gears of war ultimate edition & rare replay,30.0,/marketplace/item/748204794250866/,129.0
lego dimensions -,35.0,/marketplace/item/748204794250866/,152.0
rise of the tomb raider -,10.0,/marketplace/item/748204794250866/,98.0
looney tunes,30.0,/marketplace/item/1090877749093797/,80.0
grand theft auto: san andreas,10.0,/marketplace/item/1090877749093797/,87.0
goldeneye: rogue agent‚Ñ¢,10.0,/marketplace/item/1090877749093797/,271.0
"bratz"" rock angelz""",10.0,/marketplace/item/1090877749093797/,208.0
bratz‚Ñ¢ girlz really rock,15.0,/marketplace/item/1090877749093797/,46.0
call of duty‚Ñ¢ finest hour‚Ñ¢,15.0,/marketplace/item/1090877749093797/,14.0
buzz!‚Ñ¢ junior: robojam,10.0,/marketplace/item/1090877749093797/,848.0
timesplitters,15.0,/marketplace/item/1090877749093797/,9813.0
"animaniacs ""the great edgar hunt""‚Ñ¢",15.0,/marketplace/item/1090877749093797/,90.0
fast and furious,25.0,/marketplace/item/727081036889213/,32.0
* altered beast,25.0,/marketplace/item/726231653101439/,17.0
* another world (no manual),20.0,/marketplace/item/726231653101439/,34.0
* atp tour,20.0,/marketplace/item/726231653101439/,72.0
* bubble and squeak (no manual),40.0,/marketplace/item/726231653101439/,259.0
* columns,15.0,/marketplace/item/726231653101439/,102.0
* olympic gold (includes souvenir booklet),40.0,/marketplace/item/726231653101439/,78.0
* revolution x,30.0,/marketplace/item/726231653101439/,53.0
"* street fighter ii special champion edition (platinum, no manual)",25.0,/marketplace/item/726231653101439/,304.0
* prize fighter (med scuffs),40.0,/marketplace/item/726231653101439/,18.0
* neon genesis evangelion (jp),20.0,/marketplace/item/726231653101439/,218.0
"* virtua fighter cg portraits: sarah bryant (jp, light scuffs)",10.0,/marketplace/item/726231653101439/,376.0
* captain skyhawk (cart only),15.0,/marketplace/item/726231653101439/,503.0
* solstice (cart only),15.0,/marketplace/item/726231653101439/,438.0
* cleaning kit,60.0,/marketplace/item/726231653101439/,41.0
"* super mario land (worn label, cart only)",15.0,/marketplace/item/726231653101439/,212.0
* klustar (writing on box),40.0,/marketplace/item/726231653101439/,58.0
* mickey's racing adventure (cart only),20.0,/marketplace/item/726231653101439/,199.0
* tarzan (cart only),15.0,/marketplace/item/726231653101439/,447.0
* tony hawk's pro skater,60.0,/marketplace/item/726231653101439/,22.0
* lylat wars (cart only),30.0,/marketplace/item/726231653101439/,16.0
* peter jackson's king kong (wear on box),30.0,/marketplace/item/726231653101439/,113.0
* tak: the great juju challenge,10.0,/marketplace/item/726231653101439/,264.0
* cabela's: the hunt - championship edition,50.0,/marketplace/item/726231653101439/,24.0
* umihara kawase bazooka!,20.0,/marketplace/item/726231653101439/,238.0
* adidas power soccer,10.0,/marketplace/item/726231653101439/,1777.0
* casper (med scuffs),30.0,/marketplace/item/726231653101439/,45.0
* croc: legend of the gobbos (very light scuffs),30.0,/marketplace/item/726231653101439/,339.0
* dancing stage fever (very light scuffs),30.0,/marketplace/item/726231653101439/,1108.0
* gubble (very light scuffs),10.0,/marketplace/item/726231653101439/,179.0
* fade to black,30.0,/marketplace/item/726231653101439/,58.0
* formula karts: special edition,20.0,/marketplace/item/726231653101439/,532.0
* gran turismo (med scuffs),20.0,/marketplace/item/726231653101439/,89.0
* independence day (very light scuffs),20.0,/marketplace/item/726231653101439/,512.0
* jigsaw madness (light scuffs),10.0,/marketplace/item/726231653101439/,580.0
* need for speed (very light scuffs),30.0,/marketplace/item/726231653101439/,169.0
* rugrats in paris (light scuffs),30.0,/marketplace/item/726231653101439/,127.0
* segare ijiri (jp),50.0,/marketplace/item/726231653101439/,793.0
* spec ops: ranger elite,30.0,/marketplace/item/726231653101439/,13.0
* capcom puzzle world,15.0,/marketplace/item/726231653101439/,13.0
* jak and daxter,15.0,/marketplace/item/726231653101439/,85.0
* final fantasy xiii,10.0,/marketplace/item/726231653101439/,85.0
* heroes over europe,10.0,/marketplace/item/726231653101439/,121.0
* far cry: new dawn,10.0,/marketplace/item/726231653101439/,272.0
* ratchet & clank,10.0,/marketplace/item/726231653101439/,20.0
* trials rising gold edition (includes bonuses),15.0,/marketplace/item/726231653101439/,70.0
* watchdogs,10.0,/marketplace/item/726231653101439/,178.0
* shenmue ii (bonus disc has med cuffs),10.0,/marketplace/item/726231653101439/,39.0
* ninja blade (med scuffs),10.0,/marketplace/item/726231653101439/,1053.0
* call of duty: modern warfare,10.0,/marketplace/item/726231653101439/,244.0
* power pak (sunburst & hacker ii),20.0,/marketplace/item/726231653101439/,34.0
* dark earth (med scuffs),40.0,/marketplace/item/726231653101439/,102.0
* monopoly,10.0,/marketplace/item/726231653101439/,67.0
* star wars monopoly,20.0,/marketplace/item/726231653101439/,113.0
* maul mallard in cold shadow,20.0,/marketplace/item/726231653101439/,89.0
* south park,20.0,/marketplace/item/726231653101439/,485.0
* zone,66.0,/marketplace/item/726231653101439/,495.0
* airwolf (with manual),20.0,/marketplace/item/726231653101439/,48.0
* double dragon,20.0,/marketplace/item/726231653101439/,554.0
* double dragon ii,20.0,/marketplace/item/726231653101439/,2303.0
* mattel baseball (re-release),20.0,/marketplace/item/726231653101439/,1768.0
* m. bison pixel pal (boxed),10.0,/marketplace/item/726231653101439/,226.0
* the dig novelisation,10.0,/marketplace/item/726231653101439/,174.0
* another world soundtrack (sealed),20.0,/marketplace/item/726231653101439/,16.0
* fantastic four plug n play,10.0,/marketplace/item/726231653101439/,157.0
* gamecube controller (third-party),10.0,/marketplace/item/726231653101439/,363.0
* observer,20.0,/marketplace/item/726231653101439/,198.0
* tetris effect,50.0,/marketplace/item/726231653101439/,58.0
* the bunker,50.0,/marketplace/item/726231653101439/,43.0
* river city girls,100.0,/marketplace/item/726231653101439/,13.0
assassins creed unity -,10.0,/marketplace/item/1204043727914010/,749.0
cod modern warfare -,15.0,/marketplace/item/1204043727914010/,351.0
listed,17.0,/marketplace/item/1090782169205281/,1553.0
suicide squad -,20.0,/marketplace/item/24157062490551945/,58.0
diablo iv -,20.0,/marketplace/item/24157062490551945/,130.0
aussie rules footy -,100.0,/marketplace/item/528933816880906/,26.0
battletoads (mattel release) -,200.0,/marketplace/item/528933816880906/,22.0
donkey kong classics -,130.0,/marketplace/item/528933816880906/,305.0
fifa,15.0,/marketplace/item/610699191723246/,243.0
front mission evolved -,15.0,/marketplace/item/610699191723246/,279.0
gta iv -,10.0,/marketplace/item/610699191723246/,434.0
gta iv: episodes from liberty city -,14.0,/marketplace/item/610699191723246/,337.0
heavenly sw.d -,14.0,/marketplace/item/610699191723246/,117.0
homefront ultimate edition -,10.0,/marketplace/item/610699191723246/,21.0
madden nfl,11.0,/marketplace/item/610699191723246/,83.0
madden nfl,15.0,/marketplace/item/610699191723246/,68.0
mag -,10.0,/marketplace/item/610699191723246/,83.0
metal gear solid: g. of the patriots -,17.0,/marketplace/item/610699191723246/,179.0
mortal kombat komplete edition -,15.0,/marketplace/item/610699191723246/,18.0
mortal kombat vs dc universe -,10.0,/marketplace/item/610699191723246/,445.0
naughty bear -,20.0,/marketplace/item/610699191723246/,338.0
nba live,10.0,/marketplace/item/610699191723246/,132.0
ninja gaiden: sigma -,15.0,/marketplace/item/610699191723246/,35.0
red dead redemption: undead nightmare -,12.0,/marketplace/item/610699191723246/,42.0
i'll be posting a bunch of,10.0,/marketplace/item/1254424532310328/,35.0
robots,10.0,/marketplace/item/1196180118861800/,345.0
despicable me,25.0,/marketplace/item/1196180118861800/,36.0
spongebob revenge,10.0,/marketplace/item/1196180118861800/,87.0
sonic +,12.0,/marketplace/item/1196180118861800/,31.0
ark =,15.0,/marketplace/item/930414155915042/,24.0
listed,23.0,/marketplace/item/1270077567404196/,309.0
selling these for,15.0,/marketplace/item/1270077567404196/,469.0
‚Ä¢ kengo: zero (manual cover has minor scuffing) ‚Äì,20.0,/marketplace/item/1443007206896982/,141.0
‚Ä¢ kingdom under fire: circle of doom ‚Äì,20.0,/marketplace/item/1443007206896982/,12.0
‚Ä¢ lego star wars ii: the original trilogy ‚Äì,14.0,/marketplace/item/1443007206896982/,190.0
‚Ä¢ lego star wars iii: the clone wars ‚Äì,19.0,/marketplace/item/1443007206896982/,91.0
‚Ä¢ lost the video game ‚Äì,14.0,/marketplace/item/1443007206896982/,244.0
‚Ä¢ nail'd ‚Äì,15.0,/marketplace/item/1443007206896982/,284.0
‚Ä¢ naruto shippuden: ultimate ninja storm revolution (includes bonus anime dvd) ‚Äì,11.0,/marketplace/item/1443007206896982/,24.0
‚Ä¢ naruto: rise of a ninja ‚Äì,18.0,/marketplace/item/1443007206896982/,219.0
‚Ä¢ naruto: the broken bond ‚Äì,28.0,/marketplace/item/1443007206896982/,16.0
‚Ä¢ nat geo quiz! wild life ‚Äì,13.0,/marketplace/item/1443007206896982/,186.0
need for speed carbon -,10.0,/marketplace/item/1854979021734154/,158.0
fallout new vegas -,15.0,/marketplace/item/1854979021734154/,301.0
assassin creed brotherhood special edition -,10.0,/marketplace/item/1854979021734154/,19.0
fifa,16.0,/marketplace/item/1854979021734154/,34.0
trial fusion deluxe edition Ôøº-,10.0,/marketplace/item/1854979021734154/,87.0
bowling -,25.0,/marketplace/item/1095836209149631/,70.0
breakout -,25.0,/marketplace/item/1095836209149631/,128.0
combat -,25.0,/marketplace/item/1095836209149631/,150.0
frogger -,60.0,/marketplace/item/1095836209149631/,69.0
gangster alley -,35.0,/marketplace/item/1095836209149631/,25.0
laser blast -,15.0,/marketplace/item/1095836209149631/,130.0
midnight magic -,30.0,/marketplace/item/1095836209149631/,32.0
nexar -,30.0,/marketplace/item/1095836209149631/,113.0
night driver -,30.0,/marketplace/item/1095836209149631/,69.0
river raid -,50.0,/marketplace/item/1095836209149631/,24.0
sl. machine -,35.0,/marketplace/item/1095836209149631/,107.0
smurf -,65.0,/marketplace/item/1095836209149631/,58.0
space invaders -,50.0,/marketplace/item/1095836209149631/,438.0
will bundle,10.0,/marketplace/item/721893713896555/,187.0
Wii video games prices as market,1.0,/marketplace/item/1740128756893402/,2382.0
rise of nightmares -,15.0,/marketplace/item/1233407091810905/,195.0
lego lord of the rings -,25.0,/marketplace/item/1233407091810905/,11.0
the sims pets -,10.0,/marketplace/item/1233407091810905/,280.0
prince of caspian narnia -,10.0,/marketplace/item/1233407091810905/,123.0
plants vs. zombies: garden warfare -,10.0,/marketplace/item/1233407091810905/,135.0
banjo-kazooie: nuts & bolts -,10.0,/marketplace/item/1233407091810905/,272.0
the evil within -,10.0,/marketplace/item/1233407091810905/,63.0
Xbox games,50.0,/marketplace/item/24044103875238490/,27.0
skyrim -,10.0,/marketplace/item/742942724904276/,63.0
halo reach -,10.0,/marketplace/item/742942724904276/,201.0
starwars battlefront -,10.0,/marketplace/item/742942724904276/,376.0
mortal kombat -,35.0,/marketplace/item/742942724904276/,113.0
Games 10$ each,10.0,/marketplace/item/1169551841878853/,549.0
Nintendo Wii Video Games,5.0,/marketplace/item/659681483237986/,261.0
burnout revenge,10.0,/marketplace/item/1271817441007051/,152.0
need for speed the run,10.0,/marketplace/item/1271817441007051/,66.0
nintendo  wii games,10.0,/marketplace/item/1319867193182008/,71.0
donkey kong country returns -,15.0,/marketplace/item/932197262417416/,84.0
endless ocean -,30.0,/marketplace/item/932197262417416/,146.0
lego the lord of the rings -,10.0,/marketplace/item/932197262417416/,384.0
lego star wars: the complete saga -,12.0,/marketplace/item/932197262417416/,393.0
pitfall: the big adventure -,10.0,/marketplace/item/932197262417416/,607.0
planet,51.0,/marketplace/item/932197262417416/,40.0
pok√©mon battle revolution -,65.0,/marketplace/item/932197262417416/,28.0
punch out -,100.0,/marketplace/item/932197262417416/,176.0
rio -,10.0,/marketplace/item/932197262417416/,2489.0
super paper mario -,25.0,/marketplace/item/932197262417416/,875.0
tetris party deluxe -,20.0,/marketplace/item/932197262417416/,1086.0
dead space: extraction -,40.0,/marketplace/item/630446339717237/,50.0
death jr. -,24.0,/marketplace/item/630446339717237/,88.0
disaster: day of crisis -,17.0,/marketplace/item/630446339717237/,78.0
no more heroes -,25.0,/marketplace/item/630446339717237/,112.0
sengoku basara samurai heroes -,15.0,/marketplace/item/630446339717237/,327.0
tenchu: shadow assassins -,10.0,/marketplace/item/630446339717237/,72.0
trauma center: new blood -,18.0,/marketplace/item/630446339717237/,62.0
fifa,23.0,/marketplace/item/725614886723268/,42.0
mortal kombat,11.0,/marketplace/item/725614886723268/,1362.0
star wars jedi survivor,30.0,/marketplace/item/725614886723268/,975.0
atelier totori the adventurer of arland -,25.0,/marketplace/item/1020053183316454/,560.0
dragon ball z: xenoverse -,20.0,/marketplace/item/1020053183316454/,51.0
marvel vs capcom fate of two worlds -,14.0,/marketplace/item/1020053183316454/,669.0
midnight club los angeles complete edition -,10.0,/marketplace/item/1020053183316454/,280.0
monopoly -,10.0,/marketplace/item/1020053183316454/,308.0
monopoly streets -,15.0,/marketplace/item/1020053183316454/,386.0
one piece pirate warriors -,40.0,/marketplace/item/1020053183316454/,64.0
prince of persia: the forgotten sands -,10.0,/marketplace/item/1020053183316454/,796.0
sega rally -,10.0,/marketplace/item/1020053183316454/,630.0
ssx -,10.0,/marketplace/item/1020053183316454/,118.0
star ocean: the last hope -,15.0,/marketplace/item/1020053183316454/,89.0
super street fighter iv -,10.0,/marketplace/item/1020053183316454/,1080.0
tales of symphonia chronicles -,20.0,/marketplace/item/1020053183316454/,33.0
white knight chronicles -,18.0,/marketplace/item/1020053183316454/,33.0
double dragon -,20.0,/marketplace/item/680896881241048/,12.0
elevator action -,25.0,/marketplace/item/680896881241048/,19.0
golf -,15.0,/marketplace/item/680896881241048/,75.0
king of the zoo -,15.0,/marketplace/item/680896881241048/,64.0
kirbys dream land (fair label) -,20.0,/marketplace/item/680896881241048/,29.0
othello -,15.0,/marketplace/item/680896881241048/,42.0
pocket bomberman -,25.0,/marketplace/item/680896881241048/,659.0
super mario land -,20.0,/marketplace/item/680896881241048/,48.0
taz-mania -,20.0,/marketplace/item/680896881241048/,209.0
tetris -,30.0,/marketplace/item/680896881241048/,66.0
wario blast featuring bomberman -,25.0,/marketplace/item/680896881241048/,73.0
nintendo,64.0,/marketplace/item/1364086128129858/,28.0
extreme g -,20.0,/marketplace/item/1364086128129858/,109.0
lylat wars -,20.0,/marketplace/item/1364086128129858/,54.0
mrc: multi racing championship -,15.0,/marketplace/item/1364086128129858/,296.0
tetrisphere -,20.0,/marketplace/item/1364086128129858/,33.0
diddy kong racing ds -,30.0,/marketplace/item/4170209939916306/,354.0
drawn to life -,15.0,/marketplace/item/4170209939916306/,114.0
thrillville off the rails -,10.0,/marketplace/item/4170209939916306/,563.0
overwatch -,15.0,/marketplace/item/1757863435103178/,129.0
bio shock the collection -,25.0,/marketplace/item/1757863435103178/,155.0
the princess and the frog -,10.0,/marketplace/item/647258171171770/,198.0
up -,10.0,/marketplace/item/647258171171770/,109.0
‚Ä¢ harry potter and the philosopher‚Äôs stone ‚Äì,15.0,/marketplace/item/1293127965741067/,147.0
‚Ä¢ colin mcrae rally ‚Äì,15.0,/marketplace/item/1293127965741067/,394.0
‚Ä¢ exclusive demo cd ‚Äì,10.0,/marketplace/item/1293127965741067/,211.0
the last of us -,10.0,/marketplace/item/624463236980530/,321.0
listed,20.0,/marketplace/item/1458916541814635/,152.0
baldur‚Äôs gate: dark alliance -,25.0,/marketplace/item/1014275580601281/,62.0
bloodwake -,15.0,/marketplace/item/1014275580601281/,474.0
broken s.wd: the sleeping dragon -,10.0,/marketplace/item/1014275580601281/,390.0
buffy the vampire slayer: chaos bleeds -,45.0,/marketplace/item/1014275580601281/,40.0
circus maximus: chariot wars -,15.0,/marketplace/item/1014275580601281/,473.0
conspiracy: weaps of mass dest. -,15.0,/marketplace/item/1014275580601281/,518.0
counter strike -,10.0,/marketplace/item/1014275580601281/,51.0
dungeons & dragons: heroes -,30.0,/marketplace/item/1014275580601281/,110.0
fable -,15.0,/marketplace/item/1014275580601281/,130.0
forza motorsport -,10.0,/marketplace/item/1014275580601281/,264.0
g.n -,10.0,/marketplace/item/1014275580601281/,113.0
harry potter and the chamber of secrets -,14.0,/marketplace/item/1014275580601281/,76.0
harry potter: quidditch world cup -,10.0,/marketplace/item/1014275580601281/,231.0
horizon forbidden west,40.0,/marketplace/item/1387825215795120/,132.0
bloodborne,15.0,/marketplace/item/1387825215795120/,399.0
fifa,10.0,/marketplace/item/720119550631726/,1290.0
watchdogs,10.0,/marketplace/item/720119550631726/,54.0
medal of honor rising sun -,15.0,/marketplace/item/3969602103260054/,1732.0
the sims -,10.0,/marketplace/item/3969602103260054/,924.0
ricky ponting int cricket -,10.0,/marketplace/item/3969602103260054/,552.0
afl live premiership edition -,10.0,/marketplace/item/3969602103260054/,340.0
Playstation games,5.0,/marketplace/item/1119353490101463/,788.0
- donkey kong land,20.0,/marketplace/item/757785583597940/,310.0
- double dragon,20.0,/marketplace/item/757785583597940/,512.0
- ball kid,20.0,/marketplace/item/757785583597940/,128.0
- navy seals,20.0,/marketplace/item/757785583597940/,224.0
deepak chopra‚Äôs leela (factory sealed) -,12.0,/marketplace/item/1200663628481833/,339.0
game party: in motion -,10.0,/marketplace/item/1200663628481833/,98.0
just dance ‚Äò,17.0,/marketplace/item/1200663628481833/,590.0
kinect sesame street tv -,14.0,/marketplace/item/1200663628481833/,226.0
kinectimals now with bears -,10.0,/marketplace/item/1200663628481833/,199.0
puss in boots -,15.0,/marketplace/item/1200663628481833/,238.0
various board games,10.0,/marketplace/item/625744170115111/,725.0
chicken shuffle jr,15.0,/marketplace/item/1039242695081551/,261.0
dinosaur mystic island,15.0,/marketplace/item/1039242695081551/,148.0
or both for,20.0,/marketplace/item/1039242695081551/,408.0
sifu - available,15.0,/marketplace/item/643716115378455/,278.0
quantum break - available,15.0,/marketplace/item/643716115378455/,147.0
crosscode - available,15.0,/marketplace/item/643716115378455/,285.0
beyond a steel sky - available,15.0,/marketplace/item/643716115378455/,269.0
EPIC Showdowns,25.0,/marketplace/item/769546152082025/,555.0
midnight club la,15.0,/marketplace/item/24103671012620953/,789.0
colin mcrae dir,10.0,/marketplace/item/24103671012620953/,22.0
saints row iv,25.0,/marketplace/item/24103671012620953/,147.0
monster jam,15.0,/marketplace/item/737063445736033/,1489.0
crackdown,10.0,/marketplace/item/737063445736033/,2167.0
band hero,15.0,/marketplace/item/737063445736033/,487.0
borderlands,20.0,/marketplace/item/737063445736033/,631.0
aggressive inline -,15.0,/marketplace/item/9685390131541564/,248.0
big air freestyle -,20.0,/marketplace/item/9685390131541564/,39.0
crash bandicoot the wrath of cortex -,35.0,/marketplace/item/9685390131541564/,168.0
dark summit -,15.0,/marketplace/item/9685390131541564/,256.0
freestyle -,30.0,/marketplace/item/9685390131541564/,48.0
from russia with love -,45.0,/marketplace/item/9685390131541564/,165.0
godzilla: destroy all monsters melee -,35.0,/marketplace/item/9685390131541564/,64.0
harry potter quidditch world cup -,15.0,/marketplace/item/9685390131541564/,54.0
medal of honor: frontline -,15.0,/marketplace/item/9685390131541564/,29.0
ssx tricky -,40.0,/marketplace/item/9685390131541564/,78.0
the incredibles -,10.0,/marketplace/item/9685390131541564/,170.0
the italian job: la heist -,30.0,/marketplace/item/9685390131541564/,232.0
the scorpion king: rise of the akkadian -,10.0,/marketplace/item/9685390131541564/,40.0
tom clancy‚Äôs ghost recon -,20.0,/marketplace/item/9685390131541564/,76.0
battlefield v -,10.0,/marketplace/item/1174792697764085/,34.0
call of cthulhu -,25.0,/marketplace/item/1174792697764085/,30.0
call of duty: advanced warfare ‚Äî atlas limited edition -,25.0,/marketplace/item/1174792697764085/,24.0
call of duty: infinite warfare -,12.0,/marketplace/item/1174792697764085/,132.0
call of duty: infinite warfare (steelbook edition) -,20.0,/marketplace/item/1174792697764085/,75.0
call of duty: wwii -,10.0,/marketplace/item/1174792697764085/,1328.0
conan exiles -,25.0,/marketplace/item/1174792697764085/,464.0
dragon quest heroes: the world tree‚Äôs woe and the blight below -,15.0,/marketplace/item/1174792697764085/,51.0
homefront: the revolution -,10.0,/marketplace/item/1174792697764085/,463.0
immortals fenyx rising: shadowmaster edition -,10.0,/marketplace/item/1174792697764085/,30.0
madden,18.0,/marketplace/item/1174792697764085/,74.0
madden,19.0,/marketplace/item/1174792697764085/,32.0
madden,21.0,/marketplace/item/1174792697764085/,41.0
middle earth: shadow of mordor (includes slipcase) -,20.0,/marketplace/item/1174792697764085/,109.0
mirrors edge: catalyst -,10.0,/marketplace/item/1174792697764085/,150.0
mortal kombat x (steelbook edition) -,15.0,/marketplace/item/1174792697764085/,162.0
mortal kombat xl -,30.0,/marketplace/item/1174792697764085/,58.0
south park: the fractured but whole -,10.0,/marketplace/item/1174792697764085/,231.0
starblood arena -,10.0,/marketplace/item/1174792697764085/,607.0
star wars jedi: fallen order -,10.0,/marketplace/item/1174792697764085/,1657.0
street fighter v -,20.0,/marketplace/item/1174792697764085/,141.0
toukiden kiwami -,30.0,/marketplace/item/1174792697764085/,12.0
world of final fantasy -,10.0,/marketplace/item/1174792697764085/,21.0
vegas stakes -,60.0,/marketplace/item/1201585677917971/,191.0
kirby,25.0,/marketplace/item/1832606217664829/,181.0
mario party,15.0,/marketplace/item/1832606217664829/,57.0
diddy kong racing,25.0,/marketplace/item/1832606217664829/,102.0
banjo kazoie,25.0,/marketplace/item/1832606217664829/,239.0
extreme g,20.0,/marketplace/item/595017193365612/,92.0
jedi-,20.0,/marketplace/item/691493813658759/,197.0
lego -,10.0,/marketplace/item/691493813658759/,216.0
death stranding-,20.0,/marketplace/item/691493813658759/,13.0
-battlefield-,25.0,/marketplace/item/691493813658759/,58.0
world war-,20.0,/marketplace/item/691493813658759/,11.0
ghost of tsushima-,25.0,/marketplace/item/691493813658759/,73.0
assassins-,15.0,/marketplace/item/691493813658759/,107.0
berzerk -,10.0,/marketplace/item/538520398719144/,25.0
centipede (red label) -,15.0,/marketplace/item/538520398719144/,118.0
centipede (silver label) -,15.0,/marketplace/item/538520398719144/,682.0
commando -,15.0,/marketplace/item/538520398719144/,109.0
demons to diamonds -,20.0,/marketplace/item/538520398719144/,1335.0
dragonfire -,15.0,/marketplace/item/538520398719144/,217.0
enduro -,10.0,/marketplace/item/538520398719144/,57.0
football -,10.0,/marketplace/item/538520398719144/,132.0
gangster alley -,15.0,/marketplace/item/538520398719144/,59.0
ghostbusters -,10.0,/marketplace/item/538520398719144/,229.0
hangman -,10.0,/marketplace/item/538520398719144/,125.0
joust -,15.0,/marketplace/item/538520398719144/,285.0
jungle hunt -,10.0,/marketplace/item/538520398719144/,784.0
keystone kapers -,20.0,/marketplace/item/538520398719144/,142.0
midnight magic -,10.0,/marketplace/item/538520398719144/,19.0
millipede -,15.0,/marketplace/item/538520398719144/,20.0
nexar -,15.0,/marketplace/item/538520398719144/,215.0
othello -,10.0,/marketplace/item/538520398719144/,201.0
outlaw -,10.0,/marketplace/item/538520398719144/,314.0
popeye -,15.0,/marketplace/item/538520398719144/,51.0
pressure cooker -,15.0,/marketplace/item/538520398719144/,252.0
pyramid war -,20.0,/marketplace/item/538520398719144/,21.0
raiders of the lost ark indiana jones -,25.0,/marketplace/item/538520398719144/,115.0
sky skipper -,10.0,/marketplace/item/538520398719144/,355.0
space invaders -,10.0,/marketplace/item/538520398719144/,87.0
super action pack -,30.0,/marketplace/item/538520398719144/,96.0
superman -,25.0,/marketplace/item/538520398719144/,40.0
strawberry shortcake: musical matchups -,20.0,/marketplace/item/538520398719144/,335.0
title match pro wrestling -,10.0,/marketplace/item/538520398719144/,803.0
venture -,10.0,/marketplace/item/538520398719144/,767.0
video checkers (artwork variant) -,15.0,/marketplace/item/538520398719144/,1245.0
video pinball -,10.0,/marketplace/item/538520398719144/,1312.0
xonox double ender -,15.0,/marketplace/item/538520398719144/,400.0
yar‚Äôs revenge -,15.0,/marketplace/item/538520398719144/,425.0
price start from,35.0,/marketplace/item/1294066565765685/,76.0
"‚Ä¢ damnation (ntsc version, but works on all systems) ‚Äì",20.0,/marketplace/item/755086847028561/,314.0
‚Ä¢ dark souls: prepare to die edition ‚Äì,24.0,/marketplace/item/755086847028561/,46.0
‚Ä¢ dead to rights: retribution (disc only) ‚Äì,16.0,/marketplace/item/755086847028561/,214.0
‚Ä¢ divinity ii: ego draconis ‚Äì,13.0,/marketplace/item/755086847028561/,112.0
‚Ä¢ dmc: devil may cry (manual cover has mark from former sticker) ‚Äì,10.0,/marketplace/item/755086847028561/,163.0
‚Ä¢ dynasty warriors: strikeforce (disc + case only) ‚Äì,11.0,/marketplace/item/755086847028561/,74.0
‚Ä¢ eat lead: the return of matt hazard (disc only) ‚Äì,12.0,/marketplace/item/755086847028561/,122.0
‚Ä¢ enchanted arms ‚Äì,15.0,/marketplace/item/755086847028561/,2312.0
‚Ä¢ enslaved: odyssey to the west ‚Äì,20.0,/marketplace/item/755086847028561/,906.0
‚Ä¢ falling skies: the game (ntsc version) ‚Äì,20.0,/marketplace/item/755086847028561/,75.0
‚Ä¢ fantastic four: rise of the silver surfer ‚Äì,30.0,/marketplace/item/755086847028561/,28.0
‚Ä¢ farming simulator (disc + case only) ‚Äì,26.0,/marketplace/item/755086847028561/,18.0
‚Ä¢ fifa,13.0,/marketplace/item/755086847028561/,160.0
‚Ä¢ fifa,14.0,/marketplace/item/755086847028561/,347.0
‚Ä¢ game of thrones: a telltale games series ‚Äì,29.0,/marketplace/item/755086847028561/,47.0
‚Ä¢ generator rex: agent of providence (disc only) ‚Äì,17.0,/marketplace/item/755086847028561/,1772.0
‚Ä¢ g-force ‚Äì,13.0,/marketplace/item/755086847028561/,1567.0
‚Ä¢ golden axe: beast rider ‚Äì,25.0,/marketplace/item/755086847028561/,26.0
‚Ä¢ gun (disc only) ‚Äì,11.0,/marketplace/item/755086847028561/,50.0
‚Ä¢ heavy fire: shattered spear (disc only) ‚Äì,13.0,/marketplace/item/755086847028561/,63.0
‚Ä¢ heroes over europe ‚Äì,16.0,/marketplace/item/755086847028561/,629.0
nintendo switch bundle (x,11.0,/marketplace/item/717948940691904/,47.0
adventure time finn & jake investigations -,15.0,/marketplace/item/9315674738486023/,457.0
bravely default -,35.0,/marketplace/item/9315674738486023/,145.0
chibi robo zip lash -,15.0,/marketplace/item/9315674738486023/,52.0
farming simulator,14.0,/marketplace/item/9315674738486023/,40.0
generator rex agent of providence -,10.0,/marketplace/item/9315674738486023/,80.0
hyrule warriors legends -,20.0,/marketplace/item/9315674738486023/,71.0
inazuma eleven go light -,20.0,/marketplace/item/9315674738486023/,150.0
lego friends -,15.0,/marketplace/item/9315674738486023/,81.0
lego jurassic park -,10.0,/marketplace/item/9315674738486023/,134.0
mario tennis open -,18.0,/marketplace/item/9315674738486023/,44.0
marvel super hero squad the infinity gauntlet -,10.0,/marketplace/item/9315674738486023/,517.0
monster hunter generations -,15.0,/marketplace/item/9315674738486023/,38.0
ptz beach -,10.0,/marketplace/item/9315674738486023/,205.0
professor layton and the miracle mask -,35.0,/marketplace/item/9315674738486023/,195.0
rabbids rumble -,10.0,/marketplace/item/9315674738486023/,312.0
rayman origins -,10.0,/marketplace/item/9315674738486023/,78.0
scribblenauts unmasked -,10.0,/marketplace/item/9315674738486023/,92.0
sonic lost world -,55.0,/marketplace/item/9315674738486023/,61.0
steel diver -,10.0,/marketplace/item/9315674738486023/,65.0
the legend of zelda tri force heroes -,30.0,/marketplace/item/9315674738486023/,35.0
the trash pack -,10.0,/marketplace/item/9315674738486023/,232.0
tom clancy‚Äôs ghost recon shadow wars -,10.0,/marketplace/item/9315674738486023/,18.0
wwe all-stars -,15.0,/marketplace/item/9315674738486023/,31.0
call of duty: black ops declassified -,50.0,/marketplace/item/448138828293459/,120.0
danganronpa: trigger happy havoc -,45.0,/marketplace/item/448138828293459/,32.0
killzone: mercenary -,30.0,/marketplace/item/448138828293459/,19.0
need for speed: most wanted -,55.0,/marketplace/item/448138828293459/,83.0
soul sacrifice -,30.0,/marketplace/item/448138828293459/,51.0
ao tennis,10.0,/marketplace/item/585823417912919/,429.0
crash n sane trilogy,40.0,/marketplace/item/585823417912919/,60.0
mxgp pro,10.0,/marketplace/item/585823417912919/,217.0
afro samurai -,60.0,/marketplace/item/2348846572175180/,46.0
batman: arkham origins -,10.0,/marketplace/item/2348846572175180/,60.0
bayonetta -,10.0,/marketplace/item/2348846572175180/,299.0
bionic commando -,12.0,/marketplace/item/2348846572175180/,33.0
bl.destorm: the hundred years‚Äô war -,15.0,/marketplace/item/2348846572175180/,309.0
blazblue: calamity trigger -,10.0,/marketplace/item/2348846572175180/,191.0
brutal legend -,10.0,/marketplace/item/2348846572175180/,730.0
catherine -,40.0,/marketplace/item/2348846572175180/,489.0
dark sector -,30.0,/marketplace/item/2348846572175180/,53.0
dead to rights: retribution -,30.0,/marketplace/item/2348846572175180/,54.0
dragon‚Äôs dogma -,10.0,/marketplace/item/2348846572175180/,446.0
dragon‚Äôs dogma: dark arisen -,18.0,/marketplace/item/2348846572175180/,87.0
devil may cry hd collection -,30.0,/marketplace/item/2348846572175180/,157.0
dmc devil may cry -,10.0,/marketplace/item/2348846572175180/,704.0
enchanted arms -,10.0,/marketplace/item/2348846572175180/,558.0
enslaved: odyssey to the west -,10.0,/marketplace/item/2348846572175180/,458.0
mario and yoshi -,85.0,/marketplace/item/620471234184543/,47.0
the walking dead -,10.0,/marketplace/item/1786981651899530/,88.0
red dead redemption -,20.0,/marketplace/item/1786981651899530/,103.0
horizon forbidden west -,40.0,/marketplace/item/1786981651899530/,733.0
detroit become human -,20.0,/marketplace/item/1786981651899530/,150.0
ghost of tsushima -,40.0,/marketplace/item/1786981651899530/,850.0
Price Start From $45 Each,45.0,/marketplace/item/1431243551358984/,1036.0
Wii console bundle,250.0,/marketplace/item/1391292785475066/,76.0
‚Ä¢ ace combat: assault horizon -,11.0,/marketplace/item/1836738193888072/,168.0
‚Ä¢ adventure time: finn & jake investigations -,11.0,/marketplace/item/1836738193888072/,258.0
‚Ä¢ adventure time: the secret of the nameless kingdom -,13.0,/marketplace/item/1836738193888072/,661.0
‚Ä¢ batman: arkham city [steelbook edition; sb] -,10.0,/marketplace/item/1836738193888072/,3401.0
‚Ä¢ battlefield: bad company [gold edition; sb] -,28.0,/marketplace/item/1836738193888072/,105.0
‚Ä¢ battleship (disc + case only) -,18.0,/marketplace/item/1836738193888072/,259.0
‚Ä¢ battlestations: midway -,15.0,/marketplace/item/1836738193888072/,3121.0
‚Ä¢ binary domain -,25.0,/marketplace/item/1836738193888072/,164.0
‚Ä¢ bioshock infinite [sb] (disc + case only) -,16.0,/marketplace/item/1836738193888072/,275.0
‚Ä¢ blackwater -,12.0,/marketplace/item/1836738193888072/,49.0
‚Ä¢ blazing angels: squadrons of wwii -,12.0,/marketplace/item/1836738193888072/,305.0
‚Ä¢ brutal legend -,10.0,/marketplace/item/1836738193888072/,142.0
‚Ä¢ cabela's big game hunter -,15.0,/marketplace/item/1836738193888072/,133.0
‚Ä¢ call of duty: advanced warfare [sb; from 'atlas limited edition'] -,16.0,/marketplace/item/1836738193888072/,73.0
‚Ä¢ clash of the titans (disc only) -,12.0,/marketplace/item/1836738193888072/,25.0
astro warrior/pit pot -,30.0,/marketplace/item/1607703119919445/,39.0
columns -,15.0,/marketplace/item/1607703119919445/,477.0
dead angle -,40.0,/marketplace/item/1607703119919445/,34.0
michael jackson‚Äôs moonwalker -,70.0,/marketplace/item/1607703119919445/,29.0
spyro reignited trilogy -,20.0,/marketplace/item/730689556021780/,129.0
gran turismo sport -,10.0,/marketplace/item/730689556021780/,197.0
far cry primal ‚Äì,15.0,/marketplace/item/1064116812263892/,29.0
tekken tag,10.0,/marketplace/item/1921291311609472/,1177.0
Xbox 360 games and Xbox connect. If buyer takes all the games will sell for $5 each. BLACK OPS SOLD,10.0,/marketplace/item/1000377872238709/,335.0
listed,19.0,/marketplace/item/650885564334797/,321.0
gran turismo sport,20.0,/marketplace/item/650885564334797/,152.0
Nintendo DS games,5.0,/marketplace/item/717330904395041/,719.0
grand theft auto liberty city stories -,20.0,/marketplace/item/737178298721704/,206.0
socom -,10.0,/marketplace/item/737178298721704/,209.0
killzone liberation -,10.0,/marketplace/item/737178298721704/,1496.0
syphon filter logan‚Äôs shadow -,10.0,/marketplace/item/737178298721704/,697.0
mx x atv -,10.0,/marketplace/item/737178298721704/,323.0
ghost recon -,10.0,/marketplace/item/737178298721704/,1986.0
computer games.,12.0,/marketplace/item/1252950372940326/,236.0
call of duty games-,15.0,/marketplace/item/1334030517865735/,72.0
assassins creed-,10.0,/marketplace/item/1334030517865735/,83.0
batman games-,10.0,/marketplace/item/1334030517865735/,60.0
force unleashed-,20.0,/marketplace/item/1334030517865735/,198.0
duke nukem forever ‚Äì,10.0,/marketplace/item/4210481132530160/,105.0
blazblue,10.0,/marketplace/item/1273251521177431/,681.0
sid meiers pirates -,20.0,/marketplace/item/699083329635909/,226.0
the force unleashed -,15.0,/marketplace/item/699083329635909/,215.0
lego batman the video game -,15.0,/marketplace/item/699083329635909/,115.0
lego batman the video game (umd only) -,10.0,/marketplace/item/699083329635909/,30.0
finding nemo =,10.0,/marketplace/item/667948405847357/,34.0
spiderman =,20.0,/marketplace/item/667948405847357/,11.0
the sims =,20.0,/marketplace/item/667948405847357/,61.0
the sims bustin‚Äô out =,10.0,/marketplace/item/667948405847357/,17.0
sudeki -,17.0,/marketplace/item/1074673754499201/,11.0
the urbz: sims in the city -,14.0,/marketplace/item/1074673754499201/,172.0
total overdose -,10.0,/marketplace/item/1074673754499201/,830.0
tom clancy‚Äôs splinter cell -,10.0,/marketplace/item/1074673754499201/,215.0
tom clancy‚Äôs splinter cell: pan. tomorrow -,12.0,/marketplace/item/1074673754499201/,390.0
unreal championship -,10.0,/marketplace/item/1074673754499201/,284.0
virtual pool: tournament edition -,10.0,/marketplace/item/1074673754499201/,18.0
kung fu chaos -,10.0,/marketplace/item/1029827785723287/,474.0
need for speed: underground -,10.0,/marketplace/item/1029827785723287/,20.0
nightcaster: defeat the darkness -,12.0,/marketplace/item/1029827785723287/,443.0
obscure -,50.0,/marketplace/item/1029827785723287/,97.0
oddworld: munch‚Äôs odyssey -,50.0,/marketplace/item/1029827785723287/,106.0
robots -,12.0,/marketplace/item/1029827785723287/,525.0
rocky -,10.0,/marketplace/item/1029827785723287/,54.0
spartan total warrior -,10.0,/marketplace/item/1029827785723287/,14.0
aladdin -,15.0,/marketplace/item/1359091875160278/,103.0
desert strike -,15.0,/marketplace/item/1359091875160278/,103.0
jimmy white‚Äôs whirlwind snooker -,10.0,/marketplace/item/1359091875160278/,189.0
jungle strike -,20.0,/marketplace/item/1359091875160278/,251.0
jurassic park -,20.0,/marketplace/item/1359091875160278/,77.0
lemmings -,15.0,/marketplace/item/1359091875160278/,353.0
mercs -,35.0,/marketplace/item/1359091875160278/,55.0
primal rage -,30.0,/marketplace/item/1359091875160278/,49.0
shane warne cricket -,15.0,/marketplace/item/1359091875160278/,581.0
sonic the hedgehog -,10.0,/marketplace/item/1359091875160278/,5573.0
sub-terrania -,20.0,/marketplace/item/1359091875160278/,651.0
super thunder bl. -,10.0,/marketplace/item/1359091875160278/,3755.0
the ottifants -,15.0,/marketplace/item/1359091875160278/,285.0
world class leaderboard -,15.0,/marketplace/item/1359091875160278/,904.0
x-men -,40.0,/marketplace/item/1359091875160278/,863.0
"(includes: drake‚Äôs fortune, among thieves, and drake‚Äôs deception) -",20.0,/marketplace/item/1827496327845456/,491.0
the last of us: remastered -,15.0,/marketplace/item/1827496327845456/,1258.0
gauntlet legends -,190.0,/marketplace/item/547527377741039/,94.0
millennium soldier expendable -,50.0,/marketplace/item/547527377741039/,84.0
planet ring -,20.0,/marketplace/item/547527377741039/,180.0
resident evil code veronica -,95.0,/marketplace/item/547527377741039/,136.0
shadow man -,65.0,/marketplace/item/547527377741039/,495.0
snow surfers -,30.0,/marketplace/item/547527377741039/,417.0
virtua tennis sega professional tennis -,50.0,/marketplace/item/547527377741039/,169.0
Play station  games,30.0,/marketplace/item/1154657650029830/,90.0
matrix path of neo -,15.0,/marketplace/item/1714155992537197/,487.0
forza motorsport -,20.0,/marketplace/item/1714155992537197/,33.0
team sonic racing -,15.0,/marketplace/item/985126693715262/,79.0
lot -,10.0,/marketplace/item/2000758794064616/,759.0
yoshi,20.0,/marketplace/item/976801887731306/,23.0
listed,13.0,/marketplace/item/24161849810085055/,113.0
both in great condition.,30.0,/marketplace/item/1369254550939196/,1013.0
as per title,15.0,/marketplace/item/1413418573204428/,186.0
banjo tooie,160.0,/marketplace/item/1273071760874340/,211.0
rise of the argonauts -,12.0,/marketplace/item/1755170672041476/,195.0
sega mega drive ultimate collection -,10.0,/marketplace/item/1755170672041476/,468.0
sengoku basara: samurai heroes -,50.0,/marketplace/item/1755170672041476/,643.0
sid meier‚Äôs civilization: revolution -,10.0,/marketplace/item/1755170672041476/,186.0
soulcalibur iv -,10.0,/marketplace/item/1755170672041476/,144.0
star hawk -,10.0,/marketplace/item/1755170672041476/,270.0
the elder scrolls iv: oblivion game of the year edition -,20.0,/marketplace/item/1755170672041476/,497.0
the lord of the rings: aragorn‚Äôs quest -,10.0,/marketplace/item/1755170672041476/,3957.0
the lord of the rings: war in the north -,10.0,/marketplace/item/1755170672041476/,113.0
the testament of sherlock holmes -,17.0,/marketplace/item/1755170672041476/,125.0
the tomb raider trilogy -,26.0,/marketplace/item/1755170672041476/,30.0
the walking dead game of the year edition -,15.0,/marketplace/item/1755170672041476/,134.0
the walking dead: survival instinct -,20.0,/marketplace/item/1755170672041476/,280.0
transformers: war for cybertron -,85.0,/marketplace/item/1755170672041476/,101.0
turok -,15.0,/marketplace/item/1755170672041476/,264.0
valkyria chronicles -,10.0,/marketplace/item/1755170672041476/,143.0
"xbox, cords, contollers and",16.0,/marketplace/item/1859327478190182/,174.0
postage: tracked shipping australia-wide for,10.0,/marketplace/item/1362171555013894/,756.0
different loss games all working perfectly price from,10.0,/marketplace/item/2215539255551552/,74.0
packman - market price -,20.0,/marketplace/item/3133882246764744/,13.0
mud - complete in case -,17.0,/marketplace/item/3133882246764744/,40.0
Gameboy Advance games,10.0,/marketplace/item/1370581987360229/,134.0
sega international victory goal -,20.0,/marketplace/item/591744123682015/,1135.0
virtua fighter -,50.0,/marketplace/item/591744123682015/,371.0
or separate  all games are working perfectly no cases only disc games,10.0,/marketplace/item/744627584637919/,88.0
Xbox Games,20.0,/marketplace/item/986061740042108/,58.0
worms,10.0,/marketplace/item/1856102248570958/,18.0
collection of kids games.,25.0,/marketplace/item/1258721195229951/,22.0
dragonball z battle of z -,25.0,/marketplace/item/1762109367720024/,153.0
spiderman: web of shadows (wii) ‚Äì,15.0,/marketplace/item/1131919125429471/,17.0
nfs heat,30.0,/marketplace/item/707842565499518/,38.0
plants vs zombies battle for neighborville,30.0,/marketplace/item/707842565499518/,494.0
ratchet & clank (sealed),25.0,/marketplace/item/707842565499518/,36.0
red dead redemption ii,20.0,/marketplace/item/707842565499518/,275.0
spider-man,30.0,/marketplace/item/707842565499518/,35.0
star wars battlefront,10.0,/marketplace/item/707842565499518/,304.0
star wars jedi fallen order,20.0,/marketplace/item/707842565499518/,62.0
star wars squadrons,10.0,/marketplace/item/707842565499518/,603.0
original xbox games all games are working perfectly price start from,20.0,/marketplace/item/1421227349079608/,407.0
price start from,20.0,/marketplace/item/1421227349079608/,436.0
might do bundle price for,10.0,/marketplace/item/1421227349079608/,164.0
‚Ä¢ test drive unlimited ‚Äì,15.0,/marketplace/item/1968838773943511/,80.0
‚Ä¢ tetris evolution ‚Äì,20.0,/marketplace/item/1968838773943511/,1238.0
‚Ä¢ the elder scrolls v: skyrim [sb; from ‚Äòexclusive eb games edition‚Äô] ‚Äì,20.0,/marketplace/item/1968838773943511/,62.0
‚Ä¢ the lord of the rings: conquest ‚Äì,32.0,/marketplace/item/1968838773943511/,22.0
‚Ä¢ the lord of the rings: war in the north [sb; from ‚Äòcollector's edition] ‚Äì,15.0,/marketplace/item/1968838773943511/,81.0
‚Ä¢ the spiderwick chronicles (disc only) ‚Äì,12.0,/marketplace/item/1968838773943511/,107.0
‚Ä¢ thief [mp; from ‚Äòlimited edition‚Äô] ‚Äì,14.0,/marketplace/item/1968838773943511/,184.0
‚Ä¢ thrillville: off the rails ‚Äì,14.0,/marketplace/item/1968838773943511/,156.0
‚Ä¢ tiger woods pga tour,11.0,/marketplace/item/1968838773943511/,151.0
‚Ä¢ tom clancy's splinter cell: conviction [sb; from ‚Äòlimited collector's edition‚Äô] (includes original soundtrack disc) ‚Äì,27.0,/marketplace/item/1968838773943511/,126.0
‚Ä¢ tomb raider: anniversary (disc front has minor marks) ‚Äì,18.0,/marketplace/item/1968838773943511/,360.0
‚Ä¢ toy story mania (disc + case only) ‚Äì,16.0,/marketplace/item/1968838773943511/,33.0
‚Ä¢ turbo: super stunt squad (disc + case only) ‚Äì,18.0,/marketplace/item/1968838773943511/,108.0
‚Ä¢ two worlds (disc + case only) ‚Äì,12.0,/marketplace/item/1968838773943511/,70.0
‚Ä¢ two worlds ii ‚Äì,22.0,/marketplace/item/1968838773943511/,80.0
‚Ä¢ two worlds ii [velvet game of the year] (disc only) ‚Äì,20.0,/marketplace/item/1968838773943511/,87.0
‚Ä¢ vampire rain ‚Äì,14.0,/marketplace/item/1968838773943511/,180.0
‚Ä¢ viva pinata: party animals ‚Äì,11.0,/marketplace/item/1968838773943511/,873.0
‚Ä¢ watch_dogs [sb; from ‚Äòlimited edition‚Äô] ‚Äì,18.0,/marketplace/item/1968838773943511/,241.0
‚Ä¢ wolfenstein: the new order ‚Äì,12.0,/marketplace/item/1968838773943511/,166.0
‚Ä¢ world of outlaws: sprint cars ‚Äì,14.0,/marketplace/item/1968838773943511/,299.0
‚Ä¢ wwe legends of wrestlemania ‚Äì,10.0,/marketplace/item/1968838773943511/,92.0
‚Ä¢ xcom: enemy unknown ‚Äì,11.0,/marketplace/item/1968838773943511/,94.0
‚Ä¢ xcom: enemy within [commander edition] ‚Äì,34.0,/marketplace/item/1968838773943511/,45.0
‚Ä¢ x-men: the official game (disc + case only) ‚Äì,18.0,/marketplace/item/1968838773943511/,302.0
40 PS3 games all games working perfectly no scratches on discs price start from $35Each,25.0,/marketplace/item/1399922714643728/,14.0
the beatles rock band,10.0,/marketplace/item/1019743910241409/,3548.0
tom clancy‚Äôs ghost recon future soldier,10.0,/marketplace/item/1019743910241409/,128.0
tom clancy‚Äôs endwar,10.0,/marketplace/item/1019743910241409/,425.0
guitar hero,10.0,/marketplace/item/1019743910241409/,977.0
wii games all games are working perfectly no scratches on disc price start from,30.0,/marketplace/item/1376417836768425/,69.0
immortals fenyx rising,10.0,/marketplace/item/1093473065930842/,611.0
sonic team racing,20.0,/marketplace/item/1093473065930842/,988.0
farcry new dawn,10.0,/marketplace/item/1093473065930842/,210.0
two point hospital,20.0,/marketplace/item/1093473065930842/,131.0
star wars jedi fallen order,10.0,/marketplace/item/1093473065930842/,79905.0
crash n sane trilogy,100.0,/marketplace/item/1093473065930842/,12.0
assasins creed unity,15.0,/marketplace/item/1093473065930842/,421.0
dc lego,10.0,/marketplace/item/1093473065930842/,186.0
assasins creed oddesy,10.0,/marketplace/item/1093473065930842/,1061.0
final fantasy,16.0,/marketplace/item/736305862192072/,349.0
divinity original sin -,20.0,/marketplace/item/736305862192072/,712.0
final fantasy,15.0,/marketplace/item/736305862192072/,250.0
madden,17.0,/marketplace/item/1373291230596035/,322.0
airblade -,20.0,/marketplace/item/599811372624599/,919.0
nba ballers -,10.0,/marketplace/item/599811372624599/,66.0
listed,22.0,/marketplace/item/613260454822873/,36.0
lego marvel super heroes,20.0,/marketplace/item/2785103008548030/,165.0
games all work. take the lot for,30.0,/marketplace/item/1072884450886244/,79.0
mini ninjas,15.0,/marketplace/item/1784620822412827/,425.0
split second velocity,15.0,/marketplace/item/1784620822412827/,122.0
super mario all stars,50.0,/marketplace/item/1046658723989307/,186.0
incantation,100.0,/marketplace/item/1046658723989307/,308.0
turrican,110.0,/marketplace/item/1046658723989307/,20.0
selling fifa,20.0,/marketplace/item/23882586454706897/,779.0
Bundle of 5x board games,30.0,/marketplace/item/1943862916376246/,143.0
mafia iii,15.0,/marketplace/item/1028082979400424/,193.0
call of duty modern warfare -,15.0,/marketplace/item/689905066990823/,171.0
watchdogs -,10.0,/marketplace/item/689905066990823/,17.0
mystery case file millionheir -,10.0,/marketplace/item/1109807904511919/,524.0
brain training -,10.0,/marketplace/item/1109807904511919/,228.0
captain toad treasure tracker,25.0,/marketplace/item/945356757694744/,23.0
lego city undercover,15.0,/marketplace/item/945356757694744/,23.0
"wii motion plus remote (needs a piece of foil to work, see photos)",25.0,/marketplace/item/945356757694744/,216.0
wii u gamepad hard case and silicone case,35.0,/marketplace/item/945356757694744/,55.0
wii u gamepad holder and charger,15.0,/marketplace/item/945356757694744/,20.0
carry case -,20.0,/marketplace/item/942775397841573/,380.0
alvin and the chipmunks,15.0,/marketplace/item/1160044045668864/,208.0
amplitude,30.0,/marketplace/item/1160044045668864/,105.0
arcade action,30.0,/marketplace/item/1160044045668864/,68.0
butt ugly martians,20.0,/marketplace/item/1160044045668864/,56.0
choro q,45.0,/marketplace/item/1160044045668864/,12.0
crash n burn,10.0,/marketplace/item/1160044045668864/,142.0
dot hack mutation,100.0,/marketplace/item/1160044045668864/,132.0
fatal fury,30.0,/marketplace/item/1160044045668864/,245.0
fatal fury,40.0,/marketplace/item/1160044045668864/,164.0
freak out,20.0,/marketplace/item/1160044045668864/,173.0
freedom fighters,25.0,/marketplace/item/1160044045668864/,77.0
frogger beyond,40.0,/marketplace/item/1160044045668864/,126.0
gadget and the gadgetinis,10.0,/marketplace/item/1160044045668864/,121.0
london taxi rush hour,40.0,/marketplace/item/1160044045668864/,39.0
looney tunes back in action,50.0,/marketplace/item/1160044045668864/,190.0
maken shao,45.0,/marketplace/item/1160044045668864/,144.0
marcel desally,10.0,/marketplace/item/1160044045668864/,160.0
master rallye,20.0,/marketplace/item/1160044045668864/,322.0
megaman x command mission,45.0,/marketplace/item/1160044045668864/,66.0
metropolismania,15.0,/marketplace/item/1160044045668864/,345.0
monkey ball adventure,10.0,/marketplace/item/1160044045668864/,676.0
naval ops commander,35.0,/marketplace/item/1160044045668864/,68.0
nba hoopz,35.0,/marketplace/item/1160044045668864/,46.0
party carnival,30.0,/marketplace/item/1160044045668864/,789.0
pippa funnell,20.0,/marketplace/item/1160044045668864/,196.0
r racing,25.0,/marketplace/item/1160044045668864/,242.0
real play pool,20.0,/marketplace/item/1160044045668864/,107.0
realplay racing,25.0,/marketplace/item/1160044045668864/,253.0
rumble racing,15.0,/marketplace/item/1160044045668864/,26.0
skateboard madness,15.0,/marketplace/item/1160044045668864/,87.0
sword of the samurai,30.0,/marketplace/item/1160044045668864/,93.0
swords of destiny,35.0,/marketplace/item/1160044045668864/,53.0
total overdose,15.0,/marketplace/item/1160044045668864/,678.0
wrath unleashed,15.0,/marketplace/item/1160044045668864/,37.0
yeti sports,25.0,/marketplace/item/1160044045668864/,35.0
zombie zone,70.0,/marketplace/item/1160044045668864/,89.0
bob the builder: fix it fun -,10.0,/marketplace/item/1178076897031206/,957.0
harry potter and the chamber of secrets -,20.0,/marketplace/item/1178076897031206/,348.0
harry potter and the philosopher‚Äôs stone -,10.0,/marketplace/item/1178076897031206/,94.0
looney tunes -,15.0,/marketplace/item/1178076897031206/,176.0
mario tennis -,30.0,/marketplace/item/1178076897031206/,147.0
prince naseem boxing -,25.0,/marketplace/item/1178076897031206/,77.0
rugrats in paris -,15.0,/marketplace/item/1178076897031206/,105.0
the mummy returns -,25.0,/marketplace/item/1178076897031206/,118.0
loadable gba cartridge =,15.0,/marketplace/item/1813616075887485/,39.0
castlevania -,25.0,/marketplace/item/1443846960491581/,383.0
DS games and game case,10.0,/marketplace/item/916174000659026/,282.0
trials fusion-,20.0,/marketplace/item/10018794808232090/,2296.0
Video games for sale,10.0,/marketplace/item/1382874942721497/,395.0
Assorted Games,30.0,/marketplace/item/720479560761216/,21.0
Board games / smart game/ coding game,10.0,/marketplace/item/726763696650208/,11.0
Hunger Games books,20.0,/marketplace/item/1269708731531046/,83.0
hot wheels extreme racing,20.0,/marketplace/item/742202628406957/,40.0
resident evil outbreak - no manual -,35.0,/marketplace/item/615227568249861/,12.0
rugrats in paris (sealed) -,15.0,/marketplace/item/2117756185357856/,69.0
spongebob squarepants: supersponge -,10.0,/marketplace/item/2117756185357856/,342.0
30 PS3 Games All Are Working Perfectly Price Start From $$25Each,25.0,/marketplace/item/4365320023696284/,36.0
the sims bustin out -,10.0,/marketplace/item/707592165257399/,561.0
king kong -,10.0,/marketplace/item/707592165257399/,218.0
disney infinity patrol and figures working with all video games consoles price start from,35.0,/marketplace/item/3690846537712795/,191.0
super karts - wii -,10.0,/marketplace/item/24306752928920022/,1362.0
ecco the dolphin -,95.0,/marketplace/item/631987816460993/,15.0
road avenger -,35.0,/marketplace/item/631987816460993/,273.0
asseto corsa-,20.0,/marketplace/item/1337796150887633/,27.0
monster jam steel titans-,10.0,/marketplace/item/1337796150887633/,99.0
middle row,10.0,/marketplace/item/2497868653906473/,68.0
photosynthesis,25.0,/marketplace/item/1299669551500018/,160.0
"okko chronicles, cycle of water: quest into darkness",40.0,/marketplace/item/1299669551500018/,117.0
the quarry -,20.0,/marketplace/item/658137190540585/,131.0
Sealed travel games,15.0,/marketplace/item/1213813020480022/,210.0
xbox one games bundle deal with,11.0,/marketplace/item/1578154606178632/,526.0
xbox one bundle deal with,11.0,/marketplace/item/1578154606178632/,703.0
mass effect trilogy pc;,20.0,/marketplace/item/1470519240642579/,15.0
morrowind xbox;,40.0,/marketplace/item/1470519240642579/,88.0
- fifa,13.0,/marketplace/item/886654980061539/,281.0
onimusha warlords -,20.0,/marketplace/item/1056502759918618/,1402.0
onimusha dawn of dreams -,50.0,/marketplace/item/1056502759918618/,34.0
medal of honour rising sun -,10.0,/marketplace/item/1056502759918618/,149.0
medal of honour frontline -,10.0,/marketplace/item/1056502759918618/,2542.0
- fifa,19.0,/marketplace/item/498244726654078/,37.0
san andreas -,20.0,/marketplace/item/1034898548792105/,315.0
playstation games,10.0,/marketplace/item/1748439682545606/,443.0
Hunger games book bundle,10.0,/marketplace/item/24081600641473964/,153.0
"charades, drinko and smart ass -",15.0,/marketplace/item/1953782982055382/,237.0
call of duty black ops,10.0,/marketplace/item/1805802493645919/,222.0
carrier command  gara mission,10.0,/marketplace/item/1805802493645919/,279.0
battlestations: midway‚Ñ¢,10.0,/marketplace/item/1805802493645919/,26.0
double pack: lego batman the video game & pure,10.0,/marketplace/item/1805802493645919/,241.0
just cause,10.0,/marketplace/item/1805802493645919/,169.0
guitar hero warriors of rock,10.0,/marketplace/item/1805802493645919/,189.0
assassin‚Äòs creed rogue,10.0,/marketplace/item/1805802493645919/,225.0
enchanted arms,10.0,/marketplace/item/1805802493645919/,2084.0
üïπÔ∏è international superstar soccer ‚Äì,15.0,/marketplace/item/1263006152161356/,140.0
üìÄ pok√©mon sun ‚Äì,20.0,/marketplace/item/1263006152161356/,14.0
üìÄ super smash bros ‚Äì,15.0,/marketplace/item/1263006152161356/,226.0
üéÆ super smash bros ultimate ‚Äì,50.0,/marketplace/item/1263006152161356/,97.0
üïπÔ∏è super mario all-stars ‚Äì,20.0,/marketplace/item/1263006152161356/,126.0
üéÆ ssx ‚Äì,10.0,/marketplace/item/1263006152161356/,61.0
üõπ tony hawk ‚Äì,15.0,/marketplace/item/1263006152161356/,209.0
# delivery: estimated delivery within,10.0,/marketplace/item/1144774127331838/,191.0
burnout -,15.0,/marketplace/item/1209301090506334/,166.0
guitar hero -,15.0,/marketplace/item/1209301090506334/,72.0
‚Ä¢ call of duty: infinite warfare [legacy pro edition; sb] -,25.0,/marketplace/item/1878604936318115/,86.0
‚Ä¢ dark souls iii (no manual; includes cd) [mp] -,28.0,/marketplace/item/1878604936318115/,28.0
‚Ä¢ destiny [sb] -,10.0,/marketplace/item/1878604936318115/,524.0
‚Ä¢ deus ex: mankind divided [sb] -,17.0,/marketplace/item/1878604936318115/,737.0
‚Ä¢ evolve [mp] -,13.0,/marketplace/item/1878604936318115/,1045.0
‚Ä¢ fifa,16.0,/marketplace/item/1878604936318115/,344.0
‚Ä¢ final fantasy xv [special edition; sb] -,15.0,/marketplace/item/1878604936318115/,449.0
