title,price,location,url
Xbox One Games,123.0,"Adelaide, SA",/marketplace/item/477146825376082/
Xbox One Games,10.0,"Adelaide, SA",/marketplace/item/1342820230034809/
Xbox 360 games,10.0,"Adelaide, SA",/marketplace/item/532428516420788/
Video games,50.0,"Adelaide, SA",/marketplace/item/828226729265246/
Nintendo Switch games,30.0,"Adelaide, SA",/marketplace/item/1216537066317291/
xbox one x,150.0,"Adelaide, SA",/marketplace/item/932448088230353/
Xbox 360 and games,100.0,"Adelaide, SA",/marketplace/item/563679536313909/
Nintendo Switch Games,60.0,"Adelaide, SA",/marketplace/item/1271923963990428/
Halo combat evolved,20.0,"Adelaide, SA",/marketplace/item/991788979355323/
Pairs for $15,10.0,"Adelaide, SA",/marketplace/item/906945811370836/
Nintendo Switch Games,50.0,"Adelaide, SA",/marketplace/item/428044813679044/
Nintendo Switch Games,300.0,"Adelaide, SA",/marketplace/item/412975768549006/
Nintendo Switch Games,50.0,"Adelaide, SA",/marketplace/item/585296737357393/
59 x Xbox original Games,250.0,"Adelaide, SA",/marketplace/item/1696853510884975/
Zelda Tears of the kingdom Oled Console in New Condition plus 128gb Micro SD card for extra Storage.,375.0,"Adelaide, SA",/marketplace/item/1070036524390605/
Nintendo Switch Games,60.0,"Adelaide, SA",/marketplace/item/1078222457270703/
WRESTLING GAMES VARIOUS CONSOLES & PRICES WWE WCW WWF,25.0,"Adelaide, SA",/marketplace/item/525679893535862/
Flight sim,130.0,"Adelaide, SA",/marketplace/item/551267627642692/
Thrustmaster Hotas X,40.0,"Adelaide, SA",/marketplace/item/584826550745408/
Xbox games and a xbox360 Kinect,80.0,"Adelaide, SA",/marketplace/item/1937836366707953/
Starfield Xbox series x,30.0,"Adelaide, SA",/marketplace/item/2261153324259433/
Rare Limited Edition,1000.0,"Adelaide, SA",/marketplace/item/1482472232442203/
Final Fantasy 2 - PSP,20.0,"Adelaide, SA",/marketplace/item/8554546097963682/
Thrustmaster Ferrari 458 Spider - Steering Wheel Xbox controller,50.0,"Adelaide, SA",/marketplace/item/1248022129585307/
Assorted PlayStation games,8.0,"Adelaide, SA",/marketplace/item/2295088504188665/
Wii U Disney Infinity 3.0 with accessories,10.0,"Adelaide, SA",/marketplace/item/1082070683637082/
Xbox one x cyber punk 2077 limited edition,300.0,"Adelaide, SA",/marketplace/item/596591889603389/
DJI Goggles integra with motion controller.,500.0,"Adelaide, SA",/marketplace/item/1625349378397685/
PS4 . Great condition..,200.0,"Adelaide, SA",/marketplace/item/531557403035091/
Playstation 2 games bundle complete pal region,80.0,"Adelaide, SA",/marketplace/item/1265038061291449/
Razer KISHI universal gaming controller,44.0,"Adelaide, SA",/marketplace/item/1103429371387131/
Xbox games and a xbox360 Kinect,80.0,"Adelaide, SA",/marketplace/item/1937836366707953/
Starfield Xbox series x,30.0,"Adelaide, SA",/marketplace/item/2261153324259433/
Rare Limited Edition,1000.0,"Adelaide, SA",/marketplace/item/1482472232442203/
Final Fantasy 2 - PSP,20.0,"Adelaide, SA",/marketplace/item/8554546097963682/
Thrustmaster Ferrari 458 Spider - Steering Wheel Xbox controller,50.0,"Adelaide, SA",/marketplace/item/1248022129585307/
Assorted PlayStation games,8.0,"Adelaide, SA",/marketplace/item/2295088504188665/
Wii U Disney Infinity 3.0 with accessories,10.0,"Adelaide, SA",/marketplace/item/1082070683637082/
Xbox one x cyber punk 2077 limited edition,300.0,"Adelaide, SA",/marketplace/item/596591889603389/
DJI Goggles integra with motion controller.,500.0,"Adelaide, SA",/marketplace/item/1625349378397685/
PS4 . Great condition..,200.0,"Adelaide, SA",/marketplace/item/531557403035091/
Playstation 2 games bundle complete pal region,80.0,"Adelaide, SA",/marketplace/item/1265038061291449/
Razer KISHI universal gaming controller,44.0,"Adelaide, SA",/marketplace/item/1103429371387131/
Switch games,60.0,"Adelaide, SA",/marketplace/item/2885612971605931/
Nintendo Switch Lite + Zelda BOTW,200.0,"Adelaide, SA",/marketplace/item/996830328874066/
Nintendo 3DS XL SNES Edition + Games,750.0,"Adelaide, SA",/marketplace/item/1117912800051639/
PC remote control,20.0,"Adelaide, SA",/marketplace/item/546376178158259/
6 ps4 games,80.0,"Adelaide, SA",/marketplace/item/939280228255930/
PlayStation PS5 Console and PS4 / PS5 games bundle!!,700.0,"Adelaide, SA",/marketplace/item/9001084126577757/
Nintendo Switch Wireless Controller,50.0,"Adelaide, SA",/marketplace/item/846581400885710/
NINTENDO GAMEBOY SP - excellent condition,120.0,"Adelaide, SA",/marketplace/item/566529779302085/
Command & Conquer PC Windows 95 2 disk CD Rom,20.0,"Adelaide, SA",/marketplace/item/929834549060829/
Gameboy colour - atomic purple,100.0,"Adelaide, SA",/marketplace/item/568679578898949/
PS ONE CONSOLE GAME BUNDLE READ DESCRIPTION,100.0,"Adelaide, SA",/marketplace/item/8483247831764503/
Nintendo Switch Classic,250.0,"Adelaide, SA",/marketplace/item/1637289180533766/
Hori Racing Wheel Apex for PlayStation 4/5 and PC,200.0,"Adelaide, SA",/marketplace/item/1559078021481668/
RARE PS2 - Evil Twin,35.0,"Adelaide, SA",/marketplace/item/520354644306015/
Vr vs manual console,175.0,"Adelaide, SA",/marketplace/item/352089207964351/
Star wars jedi power battles gameboy advance,40.0,"Adelaide, SA",/marketplace/item/535710519295190/
4 Nintendo Switch games all 4 games working perfectly no case,40.0,"Adelaide, SA",/marketplace/item/452488364618421/
Nintendo super nes scope with games and reciever,50.0,"Adelaide, SA",/marketplace/item/534731602772845/
Gamecube Donkey Kong Konga Drums Controller with box *No Game*,120.0,"Adelaide, SA",/marketplace/item/902796334834354/
Nintendo Switch games,60.0,"Adelaide, SA",/marketplace/item/2497372750467667/
NINTENDO GAMEBOY SP - excellent condition,120.0,"Adelaide, SA",/marketplace/item/566529779302085/
Command & Conquer PC Windows 95 2 disk CD Rom,20.0,"Adelaide, SA",/marketplace/item/929834549060829/
Gameboy colour - atomic purple,100.0,"Adelaide, SA",/marketplace/item/568679578898949/
PS ONE CONSOLE GAME BUNDLE READ DESCRIPTION,100.0,"Adelaide, SA",/marketplace/item/8483247831764503/
Nintendo Switch Classic,250.0,"Adelaide, SA",/marketplace/item/1637289180533766/
Hori Racing Wheel Apex for PlayStation 4/5 and PC,200.0,"Adelaide, SA",/marketplace/item/1559078021481668/
RARE PS2 - Evil Twin,35.0,"Adelaide, SA",/marketplace/item/520354644306015/
Vr vs manual console,175.0,"Adelaide, SA",/marketplace/item/352089207964351/
Star wars jedi power battles gameboy advance,40.0,"Adelaide, SA",/marketplace/item/535710519295190/
4 Nintendo Switch games all 4 games working perfectly no case,40.0,"Adelaide, SA",/marketplace/item/452488364618421/
Nintendo super nes scope with games and reciever,50.0,"Adelaide, SA",/marketplace/item/534731602772845/
Gamecube Donkey Kong Konga Drums Controller with box *No Game*,120.0,"Adelaide, SA",/marketplace/item/902796334834354/
Nintendo Switch games,60.0,"Adelaide, SA",/marketplace/item/2497372750467667/
Gameboy Colors,279.0,"Adelaide, SA",/marketplace/item/1046963677129908/
Gameboy advance sp with 18 games,600.0,"Adelaide, SA",/marketplace/item/897958239053606/
RED PS5 CONTROLLER,40.0,"Adelaide, SA",/marketplace/item/542206464963766/
PC game,10.0,"Adelaide, SA",/marketplace/item/3855009934772181/
Atari 2600 flash game cart,100.0,"Adelaide, SA",/marketplace/item/1250044602710162/
Ferrari 458 Spider racing wheel,65.0,"Adelaide, SA",/marketplace/item/497676669963954/
Wonderbook: Book Of Spells PS3 Harry Potter / J.K. Rowling Pottermore,50.0,"Adelaide, SA",/marketplace/item/1458314441518908/
Nintendo Switch Bundle,350.0,"Adelaide, SA",/marketplace/item/1263031074712857/
Turnkey Fanatec Drift / Racing Sim,6000.0,"Adelaide, SA",/marketplace/item/881264570739528/
Neverwinter Nights Gold Atari BioWare Corp Atari,30.0,"Adelaide, SA",/marketplace/item/1294973841682245/
Lufia (Nintendo SNES) - 252838,145.0,"Adelaide, SA",/marketplace/item/1247576393171366/
Guitar Hero Guitar (Xbox),100.0,"Adelaide, SA",/marketplace/item/1337987210553612/
The Jungle Book Super Nintendo cib,45.0,"Adelaide, SA",/marketplace/item/580276274517997/
PlayStation 5 slim silver case,65.0,"Adelaide, SA",/marketplace/item/890595029891334/
NES Super Mario Bros 3 rare great complete condition,399.0,"Adelaide, SA",/marketplace/item/589610430227373/
Call of duty MW3,50.0,"Adelaide, SA",/marketplace/item/1307059690428872/
Playstation 2 PINK bundle,350.0,"Adelaide, SA",/marketplace/item/901378401970652/
Logitech X52-HOTAS Flight sim joy stick,150.0,"Adelaide, SA",/marketplace/item/551378310779229/
Logitech G29 racing Sim rig with gears,350.0,"Adelaide, SA",/marketplace/item/1310419610329671/
Gaming VR headset and controllers,395.0,"Adelaide, SA",/marketplace/item/572846501890626/
Nintendo Switch Bundle,350.0,"Adelaide, SA",/marketplace/item/1263031074712857/
Turnkey Fanatec Drift / Racing Sim,6000.0,"Adelaide, SA",/marketplace/item/881264570739528/
Neverwinter Nights Gold Atari BioWare Corp Atari,30.0,"Adelaide, SA",/marketplace/item/1294973841682245/
Lufia (Nintendo SNES) - 252838,145.0,"Adelaide, SA",/marketplace/item/1247576393171366/
Guitar Hero Guitar (Xbox),100.0,"Adelaide, SA",/marketplace/item/1337987210553612/
The Jungle Book Super Nintendo cib,45.0,"Adelaide, SA",/marketplace/item/580276274517997/
PlayStation 5 slim silver case,65.0,"Adelaide, SA",/marketplace/item/890595029891334/
NES Super Mario Bros 3 rare great complete condition,399.0,"Adelaide, SA",/marketplace/item/589610430227373/
Call of duty MW3,50.0,"Adelaide, SA",/marketplace/item/1307059690428872/
Playstation 2 PINK bundle,350.0,"Adelaide, SA",/marketplace/item/901378401970652/
Logitech X52-HOTAS Flight sim joy stick,150.0,"Adelaide, SA",/marketplace/item/551378310779229/
Logitech G29 racing Sim rig with gears,350.0,"Adelaide, SA",/marketplace/item/1310419610329671/
Gaming VR headset and controllers,395.0,"Adelaide, SA",/marketplace/item/572846501890626/
Call of Duty Black Ops II Hardened Edition XBOX 360 Video Game,50.0,"Adelaide, SA",/marketplace/item/1227682428462412/
Racing Sim | Logitech G29 Steering Wheel | GT Lite Racing Cockpit,550.0,"Adelaide, SA",/marketplace/item/1113855950351003/
Wolfenstein 2 welcome to Amerika limited edition,50.0,"Adelaide, SA",/marketplace/item/963966228915299/
Arcade classics,900.0,"Adelaide, SA",/marketplace/item/1289652888836542/
Star Trek Starship Creator PC CD,20.0,"Adelaide, SA",/marketplace/item/1596686631246662/
PS4 1TB,180.0,"Adelaide, SA",/marketplace/item/1250621652749602/
Logitech G920 Driving Force Steering Wheel,320.0,"Adelaide, SA",/marketplace/item/539626962250258/
Thrustmaster T128 Racing Wheel and Pedals + Self Made Racing Sim Cockpit,350.0,"Adelaide, SA",/marketplace/item/3858245221117772/
Sega initial D series 4 twin arcade machine $5k ono neg if picked up by Monday night,5000.0,"Adelaide, SA",/marketplace/item/874065311544709/
Wii Accessories,70.0,"Adelaide, SA",/marketplace/item/1126337532299783/
Hori Racing Wheel for Xbox,130.0,"Adelaide, SA",/marketplace/item/875174924803834/
Logitech G923,300.0,"Adelaide, SA",/marketplace/item/536212142641425/
Logitech g923 and a wheel stand,750.0,"Adelaide, SA",/marketplace/item/1877265239429413/
Hori racing steering wheel for playstation!,55.0,"Adelaide, SA",/marketplace/item/537727065817487/
Switch lite with games,350.0,"Adelaide, SA",/marketplace/item/3491970621103124/
Nintendo entertainment system,100.0,"Adelaide, SA",/marketplace/item/572519171932156/
Mario checkers,60.0,"Adelaide, SA",/marketplace/item/899930451877007/
Rollergames pinball,6800.0,"Adelaide, SA",/marketplace/item/1522418051738379/
Nintendo 64 Bundles tested and cleaned Zelda banjo tooie kazooie 007 n64 games,250.0,"Adelaide, SA",/marketplace/item/476027768807764/
Nintendo Amiibos - Super Smash Bros,65.0,"Adelaide, SA",/marketplace/item/583532384333117/
Thrustmaster T128 Racing Wheel and Pedals + Self Made Racing Sim Cockpit,350.0,"Adelaide, SA",/marketplace/item/3858245221117772/
Sega initial D series 4 twin arcade machine $5k ono neg if picked up by Monday night,5000.0,"Adelaide, SA",/marketplace/item/874065311544709/
Wii Accessories,70.0,"Adelaide, SA",/marketplace/item/1126337532299783/
Hori Racing Wheel for Xbox,130.0,"Adelaide, SA",/marketplace/item/875174924803834/
Logitech G923,300.0,"Adelaide, SA",/marketplace/item/536212142641425/
Logitech g923 and a wheel stand,750.0,"Adelaide, SA",/marketplace/item/1877265239429413/
Hori racing steering wheel for playstation!,55.0,"Adelaide, SA",/marketplace/item/537727065817487/
Switch lite with games,350.0,"Adelaide, SA",/marketplace/item/3491970621103124/
Nintendo entertainment system,100.0,"Adelaide, SA",/marketplace/item/572519171932156/
Mario checkers,60.0,"Adelaide, SA",/marketplace/item/899930451877007/
Rollergames pinball,6800.0,"Adelaide, SA",/marketplace/item/1522418051738379/
Nintendo 64 Bundles tested and cleaned Zelda banjo tooie kazooie 007 n64 games,250.0,"Adelaide, SA",/marketplace/item/476027768807764/
Nintendo Amiibos - Super Smash Bros,65.0,"Adelaide, SA",/marketplace/item/583532384333117/
Switch lite selling,200.0,"Adelaide, SA",/marketplace/item/916212223907549/
Logitech G39 Gaming Wheel. CASH OR TRADE,240.0,"Adelaide, SA",/marketplace/item/1760942894718727/
Gears of war 2 collectors edition xbox 360,15.0,"Adelaide, SA",/marketplace/item/3915367938696653/
Final Fantasy XVI Deluxe Edition PS5,140.0,"Adelaide, SA",/marketplace/item/1060319185789657/
Pick up Charles Street Ascot Park,15.0,"Adelaide, SA",/marketplace/item/607662718354439/
Dishonored 2 Collector's Edition (PC Version),200.0,"Adelaide, SA",/marketplace/item/949185830572142/
PS4 500gb working perfectly as shown in picture with controller,180.0,"Adelaide, SA",/marketplace/item/605649755125345/
Classic PlayStation 2 - pink,300.0,"Adelaide, SA",/marketplace/item/1887160421814692/
Thrustmaster cougar f16 with tusba,200.0,"Adelaide, SA",/marketplace/item/1220331845863204/
Vintage Atari Final Lap Arcade Machine by NAMCO (Rare),3999.0,"Adelaide, SA",/marketplace/item/867200342070478/
Lord of the Rings,150.0,"Adelaide, SA",/marketplace/item/1291494451845783/
Mythic Battles Ragnarok Asgard expansion. Eden hills,50.0,"Adelaide, SA",/marketplace/item/498185986531722/
Battletech The Crescent Hawks' Revenge IBM PC 1990,150.0,"Adelaide, SA",/marketplace/item/1035707991556180/
ROG Ally X,1300.0,"Adelaide, SA",/marketplace/item/2767324966762522/
Elden Ring Collectors Edition PS5 Brand new sealed,500.0,"Adelaide, SA",/marketplace/item/366121469811431/
Nintendo Switch OLED Console,380.0,"Adelaide, SA",/marketplace/item/3398822030412527/
Logitech G920 steering wheel,200.0,"Adelaide, SA",/marketplace/item/1063101968890210/
Xbox steering wheel,150.0,"Adelaide, SA",/marketplace/item/477911698730048/
Logitech G920 racing sim plus stand,375.0,"Adelaide, SA",/marketplace/item/1090966278691680/
Classic PlayStation 2 - pink,300.0,"Adelaide, SA",/marketplace/item/1887160421814692/
Thrustmaster cougar f16 with tusba,200.0,"Adelaide, SA",/marketplace/item/1220331845863204/
Vintage Atari Final Lap Arcade Machine by NAMCO (Rare),3999.0,"Adelaide, SA",/marketplace/item/867200342070478/
Lord of the Rings,150.0,"Adelaide, SA",/marketplace/item/1291494451845783/
Mythic Battles Ragnarok Asgard expansion. Eden hills,50.0,"Adelaide, SA",/marketplace/item/498185986531722/
Battletech The Crescent Hawks' Revenge IBM PC 1990,150.0,"Adelaide, SA",/marketplace/item/1035707991556180/
ROG Ally X,1300.0,"Adelaide, SA",/marketplace/item/2767324966762522/
Elden Ring Collectors Edition PS5 Brand new sealed,500.0,"Adelaide, SA",/marketplace/item/366121469811431/
Nintendo Switch OLED Console,380.0,"Adelaide, SA",/marketplace/item/3398822030412527/
Logitech G920 steering wheel,200.0,"Adelaide, SA",/marketplace/item/1063101968890210/
Xbox steering wheel,150.0,"Adelaide, SA",/marketplace/item/477911698730048/
Logitech G920 racing sim plus stand,375.0,"Adelaide, SA",/marketplace/item/1090966278691680/
Nintendo Switch Controller,30.0,"Adelaide, SA",/marketplace/item/1193099795100289/
PS4pro (1T HHD)  and home projector,240.0,"Adelaide, SA",/marketplace/item/1526569491363851/
Halo 4 Complete Collectors Edition,30.0,"Adelaide, SA",/marketplace/item/450417981401507/
Rainbird irrigation controller,499.0,"Adelaide, SA",/marketplace/item/1755521738584437/
SNES edition 3DS XL,1700.0,"Adelaide, SA",/marketplace/item/1335541424097989/
Pokemon Arceus Steelbook,20.0,"Adelaide, SA",/marketplace/item/2113247795724794/
Logitech Harmony One remote control,50.0,"Adelaide, SA",/marketplace/item/1199196824473940/
Tomb Raider PC with Cover,4.0,"Adelaide, SA",/marketplace/item/4018863078399924/
PS2 Sony working with all cables etc,120.0,"Adelaide, SA",/marketplace/item/1968383410296161/
Collective minds strike pack for Xbox,40.0,"Adelaide, SA",/marketplace/item/442481541859829/
Sim racing set up,450.0,"Adelaide, SA",/marketplace/item/863112309366307/
Logitech G923 Racing Wheel + Shifter,400.0,"Adelaide, SA",/marketplace/item/1590611051535267/
Logitech G29 Wheel & Pedals,245.0,"Adelaide, SA",/marketplace/item/1291658688683215/
Pitfall For Atari 2600 - Australian Release In Clamshell Case - Pit Fall,40.0,"Adelaide, SA",/marketplace/item/412175088498656/
Backbone One (lightning with adapter),80.0,"Adelaide, SA",/marketplace/item/577778678096496/
Pokémon Go Plus ( X2 ),120.0,"Adelaide, SA",/marketplace/item/1738864653610911/
Rugrats Totally Angelica,10.0,"Adelaide, SA",/marketplace/item/543319548404303/
Good condition,150.0,"Adelaide, SA",/marketplace/item/1061785491920937/
Nintendo Switch OLED,600.0,"Adelaide, SA",/marketplace/item/572213762012302/
Logitech Harmony One remote control,50.0,"Adelaide, SA",/marketplace/item/1199196824473940/
Tomb Raider PC with Cover,4.0,"Adelaide, SA",/marketplace/item/4018863078399924/
PS2 Sony working with all cables etc,120.0,"Adelaide, SA",/marketplace/item/1968383410296161/
Collective minds strike pack for Xbox,40.0,"Adelaide, SA",/marketplace/item/442481541859829/
Sim racing set up,450.0,"Adelaide, SA",/marketplace/item/863112309366307/
Logitech G923 Racing Wheel + Shifter,400.0,"Adelaide, SA",/marketplace/item/1590611051535267/
Logitech G29 Wheel & Pedals,245.0,"Adelaide, SA",/marketplace/item/1291658688683215/
Pitfall For Atari 2600 - Australian Release In Clamshell Case - Pit Fall,40.0,"Adelaide, SA",/marketplace/item/412175088498656/
Backbone One (lightning with adapter),80.0,"Adelaide, SA",/marketplace/item/577778678096496/
Pokémon Go Plus ( X2 ),120.0,"Adelaide, SA",/marketplace/item/1738864653610911/
Rugrats Totally Angelica,10.0,"Adelaide, SA",/marketplace/item/543319548404303/
Good condition,150.0,"Adelaide, SA",/marketplace/item/1061785491920937/
Nintendo Switch OLED,600.0,"Adelaide, SA",/marketplace/item/572213762012302/
(NEVER USED) xbox controller READ CAPTION,50.0,"Adelaide, SA",/marketplace/item/1068785988047998/
Spongebob with booklet,10.0,"Adelaide, SA",/marketplace/item/548284434486855/
Virtuality VR Glasses like new,10.0,"Adelaide, SA",/marketplace/item/853430526993066/
Dragon ball sparking zero collectors edition (ps5 edition),350.0,"Adelaide, SA",/marketplace/item/1274798030371949/
3x ATA PTX4 remotes with clips,80.0,"Adelaide, SA",/marketplace/item/1370521050573660/
Steering wheel thrust master TSXW racer 9310,780.0,"Adelaide, SA",/marketplace/item/1602024597193332/
Thrust master TH8A Shifter,150.0,"Adelaide, SA",/marketplace/item/1785183055561171/
X-Box 360 dance mat and 2 games,15.0,"Adelaide, SA",/marketplace/item/400124729167400/
Bob the builder pc cd rom new sealed,20.0,"Adelaide, SA",/marketplace/item/1074760070443126/
PS4 + 32” Smart Tv + 3 controllers.,350.0,"Adelaide, SA",/marketplace/item/1697877224388364/
Handheld Game Accessory,20.0,"Adelaide, SA",/marketplace/item/581568704399816/
CLOCK TOWER & SHIN MEGAMI TENSEI SNES - CLOCK TOWER SOLD,30.0,"Adelaide, SA",/marketplace/item/529714796544725/
HTC Vive,350.0,"Adelaide, SA",/marketplace/item/1011585420725303/
Game Doctor SF VI,270.0,"Adelaide, SA",/marketplace/item/1259657831907193/
Games for Sale: PRICES REDUCED (LAST CHANCE),15.0,"Adelaide, SA",/marketplace/item/1611537013103420/
CALL OF DUTY BLACK OPS 4 + STEELBOOK CASE PS4,30.0,"Adelaide, SA",/marketplace/item/560207723369233/
Media remote for Xbox One and Series S/X,10.0,"Adelaide, SA",/marketplace/item/1083658862825489/
Scarface PC DVD Rom game.,40.0,"Adelaide, SA",/marketplace/item/595833366219545/
uDraw Game Tablet + Draw Studio Instant Artist - Xbox 360,20.0,"Adelaide, SA",/marketplace/item/1082750333519235/
The Sims 3 Game Guide,5.0,"Adelaide, SA",/marketplace/item/1560675717874295/
Tom Clancy Splinter Cell Blacklist Xbox 360,79.0,"Adelaide, SA",/marketplace/item/947654420588877/
Chibi-Robo Zip Lash - Amiibo Bundle - Nintendo 3DS,100.0,"Adelaide, SA",/marketplace/item/2917971891683680/
Steering wheel thrust master TSXW racer 9310,780.0,"Adelaide, SA",/marketplace/item/1602024597193332/
Thrust master TH8A Shifter,150.0,"Adelaide, SA",/marketplace/item/1785183055561171/
X-Box 360 dance mat and 2 games,15.0,"Adelaide, SA",/marketplace/item/400124729167400/
Bob the builder pc cd rom new sealed,20.0,"Adelaide, SA",/marketplace/item/1074760070443126/
PS4 + 32” Smart Tv + 3 controllers.,350.0,"Adelaide, SA",/marketplace/item/1697877224388364/
Handheld Game Accessory,20.0,"Adelaide, SA",/marketplace/item/581568704399816/
CLOCK TOWER & SHIN MEGAMI TENSEI SNES - CLOCK TOWER SOLD,30.0,"Adelaide, SA",/marketplace/item/529714796544725/
HTC Vive,350.0,"Adelaide, SA",/marketplace/item/1011585420725303/
Game Doctor SF VI,270.0,"Adelaide, SA",/marketplace/item/1259657831907193/
Games for Sale: PRICES REDUCED (LAST CHANCE),15.0,"Adelaide, SA",/marketplace/item/1611537013103420/
CALL OF DUTY BLACK OPS 4 + STEELBOOK CASE PS4,30.0,"Adelaide, SA",/marketplace/item/560207723369233/
Media remote for Xbox One and Series S/X,10.0,"Adelaide, SA",/marketplace/item/1083658862825489/
Scarface PC DVD Rom game.,40.0,"Adelaide, SA",/marketplace/item/595833366219545/
uDraw Game Tablet + Draw Studio Instant Artist - Xbox 360,20.0,"Adelaide, SA",/marketplace/item/1082750333519235/
The Sims 3 Game Guide,5.0,"Adelaide, SA",/marketplace/item/1560675717874295/
Tom Clancy Splinter Cell Blacklist Xbox 360,79.0,"Adelaide, SA",/marketplace/item/947654420588877/
Chibi-Robo Zip Lash - Amiibo Bundle - Nintendo 3DS,100.0,"Adelaide, SA",/marketplace/item/2917971891683680/
logitech g290 steering wheel,200.0,"Adelaide, SA",/marketplace/item/1810648206413485/
SpongeBob Battle For Bikini Bottom Rehydrated,40.0,"Adelaide, SA",/marketplace/item/1524224654959167/
Super Nintendo Entertainment System Console,599.0,"Adelaide, SA",/marketplace/item/919529263574196/
Xbox360 and xbox one games,5.0,"Adelaide, SA",/marketplace/item/1613258332732306/
Neogeo mini international,160.0,"Adelaide, SA",/marketplace/item/1233469757930548/
320 GB Xbox 360 + Kinect & Controller - Not working properly,40.0,"Adelaide, SA",/marketplace/item/887596783120580/
New & Sealed Choplifter! - Atari 7800 Game 1987,60.0,"Adelaide, SA",/marketplace/item/1071530511132765/
$20 for what's left (Xbox one),20.0,"Adelaide, SA",/marketplace/item/552943994155174/
 *please read description*,70.0,"Adelaide, SA",/marketplace/item/1533786640595417/
The Sims 3 Game Guide,5.0,"Adelaide, SA",/marketplace/item/1560675717874295/
Tom Clancy Splinter Cell Blacklist Xbox 360,79.0,"Adelaide, SA",/marketplace/item/947654420588877/
Chibi-Robo Zip Lash - Amiibo Bundle - Nintendo 3DS,100.0,"Adelaide, SA",/marketplace/item/2917971891683680/
logitech g290 steering wheel,200.0,"Adelaide, SA",/marketplace/item/1810648206413485/
SpongeBob Battle For Bikini Bottom Rehydrated,40.0,"Adelaide, SA",/marketplace/item/1524224654959167/
Super Nintendo Entertainment System Console,599.0,"Adelaide, SA",/marketplace/item/919529263574196/
Xbox360 and xbox one games,5.0,"Adelaide, SA",/marketplace/item/1613258332732306/
Neogeo mini international,160.0,"Adelaide, SA",/marketplace/item/1233469757930548/
320 GB Xbox 360 + Kinect & Controller - Not working properly,40.0,"Adelaide, SA",/marketplace/item/887596783120580/
New & Sealed Choplifter! - Atari 7800 Game 1987,60.0,"Adelaide, SA",/marketplace/item/1071530511132765/
$20 for what's left (Xbox one),20.0,"Adelaide, SA",/marketplace/item/552943994155174/
 *please read description*,70.0,"Adelaide, SA",/marketplace/item/1533786640595417/
PS5 Controller,50.0,"Adelaide, SA",/marketplace/item/922840173156721/
Nintendo Switch Games BUNDLE (+nintendo switch),245.0,"Adelaide, SA",/marketplace/item/592084896478196/
RARE Digimon Digivice D-Tector V4 2003,1000.0,"Adelaide, SA",/marketplace/item/502691919399084/
Hauppauge HD PVR 2 Gaming Edition - Video Capture,25.0,"Adelaide, SA",/marketplace/item/918309600234471/
PS4 1TB,100.0,"Adelaide, SA",/marketplace/item/905182767353955/
PS4 gaming g steering wheel,120.0,"Adelaide, SA",/marketplace/item/372535479257609/
logitech g290 steering wheel,200.0,"Adelaide, SA",/marketplace/item/1810648206413485/
SpongeBob Battle For Bikini Bottom Rehydrated,40.0,"Adelaide, SA",/marketplace/item/1524224654959167/
Super Nintendo Entertainment System Console,599.0,"Adelaide, SA",/marketplace/item/919529263574196/
Xbox360 and xbox one games,5.0,"Adelaide, SA",/marketplace/item/1613258332732306/
Neogeo mini international,160.0,"Adelaide, SA",/marketplace/item/1233469757930548/
320 GB Xbox 360 + Kinect & Controller - Not working properly,40.0,"Adelaide, SA",/marketplace/item/887596783120580/
New & Sealed Choplifter! - Atari 7800 Game 1987,60.0,"Adelaide, SA",/marketplace/item/1071530511132765/
$20 for what's left (Xbox one),20.0,"Adelaide, SA",/marketplace/item/552943994155174/
 *please read description*,70.0,"Adelaide, SA",/marketplace/item/1533786640595417/
PS5 Controller,50.0,"Adelaide, SA",/marketplace/item/922840173156721/
Nintendo Switch Games BUNDLE (+nintendo switch),245.0,"Adelaide, SA",/marketplace/item/592084896478196/
RARE Digimon Digivice D-Tector V4 2003,1000.0,"Adelaide, SA",/marketplace/item/502691919399084/
Hauppauge HD PVR 2 Gaming Edition - Video Capture,25.0,"Adelaide, SA",/marketplace/item/918309600234471/
PS4 1TB,100.0,"Adelaide, SA",/marketplace/item/905182767353955/
PS4 gaming g steering wheel,120.0,"Adelaide, SA",/marketplace/item/372535479257609/
Xbox One X & 2 controllers,300.0,"Adelaide, SA",/marketplace/item/777782944494036/
Xbox one steering wheel,30.0,"Adelaide, SA",/marketplace/item/1513211542670765/
Treadmill controller,80.0,"Adelaide, SA",/marketplace/item/965225118971012/
DAWN OF WAR -winter assault-2 disc- GENUINE PC GAME-still in its case. it was downloaded to computer,20.0,"Adelaide, SA",/marketplace/item/1195893791498796/
Neogeo mini international,160.0,"Adelaide, SA",/marketplace/item/1233469757930548/
320 GB Xbox 360 + Kinect & Controller - Not working properly,40.0,"Adelaide, SA",/marketplace/item/887596783120580/
New & Sealed Choplifter! - Atari 7800 Game 1987,60.0,"Adelaide, SA",/marketplace/item/1071530511132765/
$20 for what's left (Xbox one),20.0,"Adelaide, SA",/marketplace/item/552943994155174/
 *please read description*,70.0,"Adelaide, SA",/marketplace/item/1533786640595417/
PS5 Controller,50.0,"Adelaide, SA",/marketplace/item/922840173156721/
Nintendo Switch Games BUNDLE (+nintendo switch),245.0,"Adelaide, SA",/marketplace/item/592084896478196/
RARE Digimon Digivice D-Tector V4 2003,1000.0,"Adelaide, SA",/marketplace/item/502691919399084/
Hauppauge HD PVR 2 Gaming Edition - Video Capture,25.0,"Adelaide, SA",/marketplace/item/918309600234471/
PS4 1TB,100.0,"Adelaide, SA",/marketplace/item/905182767353955/
PS4 gaming g steering wheel,120.0,"Adelaide, SA",/marketplace/item/372535479257609/
Xbox One X & 2 controllers,300.0,"Adelaide, SA",/marketplace/item/777782944494036/
Xbox one steering wheel,30.0,"Adelaide, SA",/marketplace/item/1513211542670765/
Treadmill controller,80.0,"Adelaide, SA",/marketplace/item/965225118971012/
DAWN OF WAR -winter assault-2 disc- GENUINE PC GAME-still in its case. it was downloaded to computer,20.0,"Adelaide, SA",/marketplace/item/1195893791498796/
Xbox one x with everything included in pictures,160.0,"Adelaide, SA",/marketplace/item/1064530448739744/
POKEMON TAMIGOTCHI POKEBALL GAME NINTENDO Bandai 2004 WORKING,80.0,"Adelaide, SA",/marketplace/item/3544601819163545/
Nintendo Game boy/Game boy color games *Please read whole ad before messaging*,10.0,"Adelaide, SA",/marketplace/item/580386321017540/
Wii Games,5.0,"Adelaide, SA",/marketplace/item/930342728520100/
Nintendo Switch Games BUNDLE (+nintendo switch),245.0,"Adelaide, SA",/marketplace/item/592084896478196/
RARE Digimon Digivice D-Tector V4 2003,1000.0,"Adelaide, SA",/marketplace/item/502691919399084/
Hauppauge HD PVR 2 Gaming Edition - Video Capture,25.0,"Adelaide, SA",/marketplace/item/918309600234471/
PS4 1TB,100.0,"Adelaide, SA",/marketplace/item/905182767353955/
PS4 gaming g steering wheel,120.0,"Adelaide, SA",/marketplace/item/372535479257609/
Xbox One X & 2 controllers,300.0,"Adelaide, SA",/marketplace/item/777782944494036/
Xbox one steering wheel,30.0,"Adelaide, SA",/marketplace/item/1513211542670765/
Treadmill controller,80.0,"Adelaide, SA",/marketplace/item/965225118971012/
DAWN OF WAR -winter assault-2 disc- GENUINE PC GAME-still in its case. it was downloaded to computer,20.0,"Adelaide, SA",/marketplace/item/1195893791498796/
Xbox one x with everything included in pictures,160.0,"Adelaide, SA",/marketplace/item/1064530448739744/
POKEMON TAMIGOTCHI POKEBALL GAME NINTENDO Bandai 2004 WORKING,80.0,"Adelaide, SA",/marketplace/item/3544601819163545/
Nintendo Game boy/Game boy color games *Please read whole ad before messaging*,10.0,"Adelaide, SA",/marketplace/item/580386321017540/
Wii Games,5.0,"Adelaide, SA",/marketplace/item/930342728520100/
Steering Wheel PS4,150.0,"Adelaide, SA",/marketplace/item/3428377230627866/
Tomb raider 3 for PC retro from late 90s,30.0,"Adelaide, SA",/marketplace/item/509975488561552/
Logitech ps￼5 driving simulator with stand,200.0,"Adelaide, SA",/marketplace/item/420316934237439/
Digital DareDevil Game - Vintage,80.0,"Adelaide, SA",/marketplace/item/1283947706100012/
Racing Wheel for PlayStation 4 (Hori Apex),100.0,"Adelaide, SA",/marketplace/item/779445250903996/
Xbox one x with everything included in pictures,160.0,"Adelaide, SA",/marketplace/item/1064530448739744/
POKEMON TAMIGOTCHI POKEBALL GAME NINTENDO Bandai 2004 WORKING,80.0,"Adelaide, SA",/marketplace/item/3544601819163545/
Nintendo Game boy/Game boy color games *Please read whole ad before messaging*,10.0,"Adelaide, SA",/marketplace/item/580386321017540/
Wii Games,5.0,"Adelaide, SA",/marketplace/item/930342728520100/
Steering Wheel PS4,150.0,"Adelaide, SA",/marketplace/item/3428377230627866/
Tomb raider 3 for PC retro from late 90s,30.0,"Adelaide, SA",/marketplace/item/509975488561552/
Logitech ps￼5 driving simulator with stand,200.0,"Adelaide, SA",/marketplace/item/420316934237439/
Digital DareDevil Game - Vintage,80.0,"Adelaide, SA",/marketplace/item/1283947706100012/
Racing Wheel for PlayStation 4 (Hori Apex),100.0,"Adelaide, SA",/marketplace/item/779445250903996/
Xbox elite series 2 controller,100.0,"Adelaide, SA",/marketplace/item/548440661406553/
Nintendo Game boy/Game boy color games *Please read whole ad before messaging*,10.0,"Adelaide, SA",/marketplace/item/580386321017540/
Wii Games,5.0,"Adelaide, SA",/marketplace/item/930342728520100/
Steering Wheel PS4,150.0,"Adelaide, SA",/marketplace/item/3428377230627866/
Tomb raider 3 for PC retro from late 90s,30.0,"Adelaide, SA",/marketplace/item/509975488561552/
Logitech ps￼5 driving simulator with stand,200.0,"Adelaide, SA",/marketplace/item/420316934237439/
Digital DareDevil Game - Vintage,80.0,"Adelaide, SA",/marketplace/item/1283947706100012/
Racing Wheel for PlayStation 4 (Hori Apex),100.0,"Adelaide, SA",/marketplace/item/779445250903996/
Xbox elite series 2 controller,100.0,"Adelaide, SA",/marketplace/item/548440661406553/
Logitech ps￼5 driving simulator with stand,200.0,"Adelaide, SA",/marketplace/item/420316934237439/
Digital DareDevil Game - Vintage,80.0,"Adelaide, SA",/marketplace/item/1283947706100012/
Racing Wheel for PlayStation 4 (Hori Apex),100.0,"Adelaide, SA",/marketplace/item/779445250903996/
Xbox elite series 2 controller,100.0,"Adelaide, SA",/marketplace/item/548440661406553/
Thrustmaster T Flight Full Kit X,250.0,"Adelaide, SA",/marketplace/item/861060782780730/
Xbox elite series 2 controller,100.0,"Adelaide, SA",/marketplace/item/548440661406553/
Thrustmaster T Flight Full Kit X,250.0,"Adelaide, SA",/marketplace/item/861060782780730/
Xbox elite series 2 controller,100.0,"Adelaide, SA",/marketplace/item/548440661406553/
Thrustmaster T Flight Full Kit X,250.0,"Adelaide, SA",/marketplace/item/861060782780730/
Thrustmaster T Flight Full Kit X,250.0,"Adelaide, SA",/marketplace/item/861060782780730/
Ferrari thrust master gaming steering wheel compatible for ps4 ps3 ps5,150.0,"Adelaide, SA",/marketplace/item/1261048241984256/
BOXED PS2 LOGITECH DRIVING FORCE STEERING WHEEL/PEDAL SET FOR SONY PLAYSTATION $80ono,80.0,"Adelaide, SA",/marketplace/item/741187214880862/
Game or DVD Drawer inserts,20.0,"Adelaide, SA",/marketplace/item/1799515537486769/
Oculus Rift S - PC VR HEADSET,200.0,"Adelaide, SA",/marketplace/item/2709913642545849/
HORI Racing Wheel Apex PS4/PS5 with JBL Gaming Headphones,180.0,"Adelaide, SA",/marketplace/item/1073871774291141/
Ferrari thrust master gaming steering wheel compatible for ps4 ps3 ps5,150.0,"Adelaide, SA",/marketplace/item/1261048241984256/
BOXED PS2 LOGITECH DRIVING FORCE STEERING WHEEL/PEDAL SET FOR SONY PLAYSTATION $80ono,80.0,"Adelaide, SA",/marketplace/item/741187214880862/
Game or DVD Drawer inserts,20.0,"Adelaide, SA",/marketplace/item/1799515537486769/
Oculus Rift S - PC VR HEADSET,200.0,"Adelaide, SA",/marketplace/item/2709913642545849/
HORI Racing Wheel Apex PS4/PS5 with JBL Gaming Headphones,180.0,"Adelaide, SA",/marketplace/item/1073871774291141/
Gameboy Battery Change And Cart Clean. No Loss Of Save Guaranteed!,15.0,"Adelaide, SA",/marketplace/item/900395075369908/
Second hand thrustmaster xbox wheel,80.0,"Adelaide, SA",/marketplace/item/1994644720976219/
Petz beach 3DS,30.0,"Adelaide, SA",/marketplace/item/8810714795615293/
Grand Theft Auto x5 ps2 games,70.0,"Adelaide, SA",/marketplace/item/1639870593258893/
Razor Wolverine Tournament Edition,170.0,"Adelaide, SA",/marketplace/item/462590939704671/
Ps3 eye camera and eye pet,30.0,"Adelaide, SA",/marketplace/item/1371493640253043/
Computer Battleship Vintage 1983 MB Electronics in Excellent Condition,225.0,"Adelaide, SA",/marketplace/item/1756022735150111/
Assorted Nintendo merch and toys,40.0,"Adelaide, SA",/marketplace/item/477527675289329/
Assassin's creed black flag,230.0,"Adelaide, SA",/marketplace/item/524008217174943/
BOXED PS2 LOGITECH DRIVING FORCE STEERING WHEEL/PEDAL SET FOR SONY PLAYSTATION $80ono,80.0,"Adelaide, SA",/marketplace/item/741187214880862/
Game or DVD Drawer inserts,20.0,"Adelaide, SA",/marketplace/item/1799515537486769/
Oculus Rift S - PC VR HEADSET,200.0,"Adelaide, SA",/marketplace/item/2709913642545849/
HORI Racing Wheel Apex PS4/PS5 with JBL Gaming Headphones,180.0,"Adelaide, SA",/marketplace/item/1073871774291141/
Gameboy Battery Change And Cart Clean. No Loss Of Save Guaranteed!,15.0,"Adelaide, SA",/marketplace/item/900395075369908/
Second hand thrustmaster xbox wheel,80.0,"Adelaide, SA",/marketplace/item/1994644720976219/
Petz beach 3DS,30.0,"Adelaide, SA",/marketplace/item/8810714795615293/
Grand Theft Auto x5 ps2 games,70.0,"Adelaide, SA",/marketplace/item/1639870593258893/
Razor Wolverine Tournament Edition,170.0,"Adelaide, SA",/marketplace/item/462590939704671/
Ps3 eye camera and eye pet,30.0,"Adelaide, SA",/marketplace/item/1371493640253043/
Computer Battleship Vintage 1983 MB Electronics in Excellent Condition,225.0,"Adelaide, SA",/marketplace/item/1756022735150111/
Assorted Nintendo merch and toys,40.0,"Adelaide, SA",/marketplace/item/477527675289329/
Assassin's creed black flag,230.0,"Adelaide, SA",/marketplace/item/524008217174943/
HTC Vive Cosmos,600.0,"Adelaide, SA",/marketplace/item/1297409391425891/
PlayStation RFU adaptor,15.0,"Adelaide, SA",/marketplace/item/895719035576662/
Second hand thrustmaster xbox wheel,80.0,"Adelaide, SA",/marketplace/item/1994644720976219/
Petz beach 3DS,30.0,"Adelaide, SA",/marketplace/item/8810714795615293/
Grand Theft Auto x5 ps2 games,70.0,"Adelaide, SA",/marketplace/item/1639870593258893/
Razor Wolverine Tournament Edition,170.0,"Adelaide, SA",/marketplace/item/462590939704671/
Ps3 eye camera and eye pet,30.0,"Adelaide, SA",/marketplace/item/1371493640253043/
Computer Battleship Vintage 1983 MB Electronics in Excellent Condition,225.0,"Adelaide, SA",/marketplace/item/1756022735150111/
Assorted Nintendo merch and toys,40.0,"Adelaide, SA",/marketplace/item/477527675289329/
Assassin's creed black flag,230.0,"Adelaide, SA",/marketplace/item/524008217174943/
HTC Vive Cosmos,600.0,"Adelaide, SA",/marketplace/item/1297409391425891/
PlayStation RFU adaptor,15.0,"Adelaide, SA",/marketplace/item/895719035576662/
Second hand thrustmaster xbox wheel,80.0,"Adelaide, SA",/marketplace/item/1994644720976219/
Petz beach 3DS,30.0,"Adelaide, SA",/marketplace/item/8810714795615293/
Grand Theft Auto x5 ps2 games,70.0,"Adelaide, SA",/marketplace/item/1639870593258893/
Razor Wolverine Tournament Edition,170.0,"Adelaide, SA",/marketplace/item/462590939704671/
Ps3 eye camera and eye pet,30.0,"Adelaide, SA",/marketplace/item/1371493640253043/
Computer Battleship Vintage 1983 MB Electronics in Excellent Condition,225.0,"Adelaide, SA",/marketplace/item/1756022735150111/
Assorted Nintendo merch and toys,40.0,"Adelaide, SA",/marketplace/item/477527675289329/
Assassin's creed black flag,230.0,"Adelaide, SA",/marketplace/item/524008217174943/
HTC Vive Cosmos,600.0,"Adelaide, SA",/marketplace/item/1297409391425891/
PlayStation RFU adaptor,15.0,"Adelaide, SA",/marketplace/item/895719035576662/
